"type","id","description"
"detection_id","1","surv_ice_seals_2025_fl107_C_966"
"detection_id","3","surv_ice_seals_2025_fl108_C_143"
"detection_id","4","surv_ice_seals_2025_fl108_C_163"
"detection_id","5","surv_ice_seals_2025_fl108_C_202"
"detection_id","7","surv_ice_seals_2025_fl108_C_397"
"detection_id","9","surv_ice_seals_2025_fl108_C_679"
"detection_id","10","surv_ice_seals_2025_fl108_L_305"
"detection_id","23","surv_ice_seals_2025_fl108_L_994"
"detection_id","15","surv_ice_seals_2025_fl108_L_815"
"detection_id","19","surv_ice_seals_2025_fl108_L_918"
"detection_id","21","surv_ice_seals_2025_fl108_L_986"
"detection_id","27","surv_ice_seals_2025_fl108_R_41"
"detection_id","24","surv_ice_seals_2025_fl108_R_264"
"detection_id","30","surv_ice_seals_2025_fl108_R_514"
"detection_id","31","surv_ice_seals_2025_fl108_R_522"
"detection_id","35","surv_ice_seals_2025_fl108_R_802"
"detection_id","38","surv_ice_seals_2025_fl109_C_351"
"detection_id","44","surv_ice_seals_2025_fl111_L_215"
"detection_id","45","surv_ice_seals_2025_fl111_L_879"
"detection_id","43","surv_ice_seals_2025_fl111_L_1065"
"detection_id","48","surv_ice_seals_2025_fl113_C_280"
"detection_id","49","surv_ice_seals_2025_fl113_C_282"
"detection_id","55","surv_ice_seals_2025_fl115_R_116"
"detection_id","56","surv_ice_seals_2025_fl116_R_932"
"detection_id","58","surv_ice_seals_2025_fl119_C_48"
"detection_id","61","surv_ice_seals_2025_fl119_C_80"
"detection_id","59","surv_ice_seals_2025_fl119_C_50"
"detection_id","60","surv_ice_seals_2025_fl119_C_51"
"detection_id","63","surv_ice_seals_2025_fl119_R_106"
"detection_id","65","surv_ice_seals_2025_fl119_R_117"
"detection_id","75","surv_ice_seals_2025_fl120_L_354"
"detection_id","72","surv_ice_seals_2025_fl120_L_1345"
"detection_id","79","surv_ice_seals_2025_fl120_L_855"
"detection_id","80","surv_ice_seals_2025_fl120_L_905"
"detection_id","71","surv_ice_seals_2025_fl120_L_1156"
"detection_id","81","surv_ice_seals_2025_fl120_R_8"
"detection_id","82","surv_ice_seals_2025_fl121_C_278"
"detection_id","86","surv_ice_seals_2025_fl121_C_411"
"detection_id","95","surv_ice_seals_2025_fl121_L_69"
"detection_id","91","surv_ice_seals_2025_fl121_L_123"
"detection_id","94","surv_ice_seals_2025_fl121_L_517"
"detection_id","98","surv_ice_seals_2025_fl121_R_575"
"detection_id","100","surv_ice_seals_2025_fl121_R_699"
"detection_id","102","surv_ice_seals_2025_fl122_C_2"
"detection_id","106","surv_ice_seals_2025_fl123_C_21"
"detection_id","108","surv_ice_seals_2025_fl123_C_30"
"detection_id","109","surv_ice_seals_2025_fl123_C_43"
"detection_id","110","surv_ice_seals_2025_fl123_C_47"
"detection_id","111","surv_ice_seals_2025_fl123_C_76"
"detection_id","118","surv_ice_seals_2025_fl123_L_8"
"detection_id","119","surv_ice_seals_2025_fl123_L_95"
"detection_id","117","surv_ice_seals_2025_fl123_L_347"
"detection_id","112","surv_ice_seals_2025_fl123_L_143"
"detection_id","114","surv_ice_seals_2025_fl123_L_208"
"detection_id","121","surv_ice_seals_2025_fl123_R_14"
"detection_id","126","surv_ice_seals_2025_fl123_R_67"
"detection_id","124","surv_ice_seals_2025_fl123_R_292"
"detection_id","123","surv_ice_seals_2025_fl123_R_165"
"detection_id","135","surv_ice_seals_2025_fl125_C_39"
"detection_id","138","surv_ice_seals_2025_fl125_C_83"
"detection_id","134","surv_ice_seals_2025_fl125_C_273"
"detection_id","139","surv_ice_seals_2025_fl125_L_2929"
"detection_id","144","surv_ice_seals_2025_fl125_L_6891"
"detection_id","140","surv_ice_seals_2025_fl125_L_3100"
"detection_id","141","surv_ice_seals_2025_fl125_L_4593"
"detection_id","147","surv_ice_seals_2025_fl125_R_102"
"detection_id","149","surv_ice_seals_2025_fl125_R_257"
"detection_id","151","surv_ice_seals_2025_fl125_R_393"
"detection_id","152","surv_ice_seals_2025_fl125_R_394"
"detection_id","158","surv_ice_seals_2025_fl126_L_1285"
"detection_id","161","surv_ice_seals_2025_fl126_R_382"
"detection_id","166","surv_ice_seals_2025_fl127_C_73"
"detection_id","168","surv_ice_seals_2025_fl127_L_17"
"detection_id","174","surv_ice_seals_2025_fl127_L_682"
"detection_id","169","surv_ice_seals_2025_fl127_L_2066"
"detection_id","170","surv_ice_seals_2025_fl127_L_2098"
"detection_id","173","surv_ice_seals_2025_fl127_L_2301"
"detection_id","178","surv_ice_seals_2025_fl127_R_36"
"detection_id","179","surv_ice_seals_2025_fl127_R_56"
"detection_id","183","surv_ice_seals_2025_fl132_C_93"
"detection_id","186","surv_ice_seals_2025_fl132_R_24"
"detection_id","187","surv_ice_seals_2025_fl133_R_26"
"detection_id","188","surv_ice_seals_2025_fl134_C_115"
"detection_id","191","surv_ice_seals_2025_fl134_R_110"
"detection_id","194","surv_ice_seals_2025_fl136_R_58"
"detection_id","195","surv_ice_seals_2025_fl137_C_139"
"detection_id","199","surv_ice_seals_2025_fl137_R_753"
"detection_id","200","surv_ice_seals_2025_fl138_C_15"
"detection_id","206","surv_ice_seals_2025_fl202_C_10"
"detection_id","212","surv_ice_seals_2025_fl202_C_35"
"detection_id","214","surv_ice_seals_2025_fl202_C_61"
"detection_id","208","surv_ice_seals_2025_fl202_C_113"
"detection_id","217","surv_ice_seals_2025_fl202_R_19"
"detection_id","218","surv_ice_seals_2025_fl202_R_20"
"detection_id","221","surv_ice_seals_2025_fl202_R_26"
"detection_id","224","surv_ice_seals_2025_fl202_R_34"
"detection_id","226","surv_ice_seals_2025_fl202_R_43"
"detection_id","227","surv_ice_seals_2025_fl202_R_44"
"detection_id","228","surv_ice_seals_2025_fl202_R_80"
"detection_id","229","surv_ice_seals_2025_fl202_R_83"
"detection_id","230","surv_ice_seals_2025_fl202_R_87"
"detection_id","231","surv_ice_seals_2025_fl202_R_88"
"detection_id","233","surv_ice_seals_2025_fl203_C_58"
"detection_id","239","surv_ice_seals_2025_fl203_R_101"
"detection_id","238","surv_ice_seals_2025_fl203_R_100"
"detection_id","240","surv_ice_seals_2025_fl203_R_105"
"detection_id","241","surv_ice_seals_2025_fl203_R_109"
"detection_id","251","surv_ice_seals_2025_fl204_L_70"
"detection_id","248","surv_ice_seals_2025_fl204_L_140"
"detection_id","250","surv_ice_seals_2025_fl204_L_262"
"detection_id","252","surv_ice_seals_2025_fl204_R_31"
"detection_id","254","surv_ice_seals_2025_fl207_C_19"
"detection_id","255","surv_ice_seals_2025_fl207_C_20"
"detection_id","258","surv_ice_seals_2025_fl207_C_23"
"detection_id","260","surv_ice_seals_2025_fl207_C_26"
"detection_id","263","surv_ice_seals_2025_fl207_C_33"
"detection_id","267","surv_ice_seals_2025_fl207_C_37"
"detection_id","268","surv_ice_seals_2025_fl207_C_38"
"detection_id","272","surv_ice_seals_2025_fl207_C_72"
"detection_id","274","surv_ice_seals_2025_fl207_C_83"
"detection_id","296","surv_ice_seals_2025_fl207_L_3"
"detection_id","313","surv_ice_seals_2025_fl207_L_8"
"detection_id","297","surv_ice_seals_2025_fl207_L_36"
"detection_id","298","surv_ice_seals_2025_fl207_L_37"
"detection_id","300","surv_ice_seals_2025_fl207_L_40"
"detection_id","301","surv_ice_seals_2025_fl207_L_43"
"detection_id","303","surv_ice_seals_2025_fl207_L_45"
"detection_id","304","surv_ice_seals_2025_fl207_L_49"
"detection_id","306","surv_ice_seals_2025_fl207_L_50"
"detection_id","307","surv_ice_seals_2025_fl207_L_51"
"detection_id","308","surv_ice_seals_2025_fl207_L_52"
"detection_id","309","surv_ice_seals_2025_fl207_L_53"
"detection_id","312","surv_ice_seals_2025_fl207_L_60"
"detection_id","314","surv_ice_seals_2025_fl207_L_88"
"detection_id","315","surv_ice_seals_2025_fl207_L_94"
"detection_id","290","surv_ice_seals_2025_fl207_L_155"
"detection_id","277","surv_ice_seals_2025_fl207_L_100"
"detection_id","280","surv_ice_seals_2025_fl207_L_112"
"detection_id","292","surv_ice_seals_2025_fl207_L_157"
"detection_id","293","surv_ice_seals_2025_fl207_L_158"
"detection_id","282","surv_ice_seals_2025_fl207_L_129"
"detection_id","283","surv_ice_seals_2025_fl207_L_136"
"detection_id","285","surv_ice_seals_2025_fl207_L_138"
"detection_id","335","surv_ice_seals_2025_fl207_R_29"
"detection_id","336","surv_ice_seals_2025_fl207_R_35"
"detection_id","337","surv_ice_seals_2025_fl207_R_38"
"detection_id","338","surv_ice_seals_2025_fl207_R_44"
"detection_id","330","surv_ice_seals_2025_fl207_R_223"
"detection_id","340","surv_ice_seals_2025_fl207_R_60"
"detection_id","331","surv_ice_seals_2025_fl207_R_224"
"detection_id","317","surv_ice_seals_2025_fl207_R_123"
"detection_id","318","surv_ice_seals_2025_fl207_R_124"
"detection_id","320","surv_ice_seals_2025_fl207_R_131"
"detection_id","322","surv_ice_seals_2025_fl207_R_186"
"detection_id","323","surv_ice_seals_2025_fl207_R_188"
"detection_id","333","surv_ice_seals_2025_fl207_R_236"
"detection_id","325","surv_ice_seals_2025_fl207_R_211"
"detection_id","327","surv_ice_seals_2025_fl207_R_218"
"detection_id","353","surv_ice_seals_2025_fl213_R_20"
"detection_id","357","surv_ice_seals_2025_fl213_R_78"
"detection_id","358","surv_ice_seals_2025_fl213_R_86"
"detection_id","349","surv_ice_seals_2025_fl213_R_125"
"detection_id","364","surv_ice_seals_2025_fl214_C_98"
"detection_id","360","surv_ice_seals_2025_fl214_C_123"
"detection_id","369","surv_ice_seals_2025_fl214_L_177"
"detection_id","366","surv_ice_seals_2025_fl214_L_153"
"detection_id","367","surv_ice_seals_2025_fl214_L_168"
"detection_id","371","surv_ice_seals_2025_fl214_R_109"
"detection_id","374","surv_ice_seals_2025_fl214_R_162"
"detection_id","378","surv_ice_seals_2025_fl215_C_8"
"detection_id","376","surv_ice_seals_2025_fl215_C_11"
"detection_id","379","surv_ice_seals_2025_fl215_R_21"
"detection_id","380","surv_ice_seals_2025_fl215_R_27"
"detection_id","381","surv_ice_seals_2025_fl215_R_49"
"detection_id","382","surv_ice_seals_2025_fl216_C_40"
"detection_id","383","surv_ice_seals_2025_fl216_C_59"
"detection_id","384","surv_ice_seals_2025_fl216_C_79"
"detection_id","389","surv_ice_seals_2025_fl216_L_67"
"detection_id","388","surv_ice_seals_2025_fl216_L_48"
"detection_id","394","surv_ice_seals_2025_fl217_L_37"
"detection_id","397","surv_ice_seals_2025_fl217_R_141"
"detection_id","398","surv_ice_seals_2025_fl217_R_157"
"detection_id","399","surv_ice_seals_2025_fl217_R_158"
"detection_id","400","surv_ice_seals_2025_fl218_C_101"
"detection_id","401","surv_ice_seals_2025_fl218_C_158"
"detection_id","404","surv_ice_seals_2025_fl218_C_173"
"detection_id","407","surv_ice_seals_2025_fl218_C_250"
"detection_id","406","surv_ice_seals_2025_fl218_C_234"
"detection_id","413","surv_ice_seals_2025_fl218_L_19"
"detection_id","431","surv_ice_seals_2025_fl218_L_36"
"detection_id","409","surv_ice_seals_2025_fl218_L_144"
"detection_id","410","surv_ice_seals_2025_fl218_L_167"
"detection_id","415","surv_ice_seals_2025_fl218_L_193"
"detection_id","414","surv_ice_seals_2025_fl218_L_192"
"detection_id","421","surv_ice_seals_2025_fl218_L_280"
"detection_id","423","surv_ice_seals_2025_fl218_L_290"
"detection_id","424","surv_ice_seals_2025_fl218_L_306"
"detection_id","425","surv_ice_seals_2025_fl218_L_309"
"detection_id","426","surv_ice_seals_2025_fl218_L_315"
"detection_id","429","surv_ice_seals_2025_fl218_L_346"
"detection_id","433","surv_ice_seals_2025_fl218_L_376"
"detection_id","434","surv_ice_seals_2025_fl218_L_377"
"detection_id","439","surv_ice_seals_2025_fl218_R_290"
"detection_id","443","surv_ice_seals_2025_fl219_L_15"
"detection_id","444","surv_ice_seals_2025_fl220_C_23"
"detection_id","447","surv_ice_seals_2025_fl221_R_30"
"detection_id","448","surv_ice_seals_2025_fl221_R_50"
"detection_id","449","surv_ice_seals_2025_fl221_R_59"
"detection_id","451","surv_ice_seals_2025_fl222_C_5"
"detection_id","450","surv_ice_seals_2025_fl222_C_13"
"detection_id","454","surv_ice_seals_2025_fl223_C_23"
"detection_id","453","surv_ice_seals_2025_fl223_C_216"
"detection_id","455","surv_ice_seals_2025_fl223_C_397"
"detection_id","461","surv_ice_seals_2025_fl223_L_19"
"detection_id","458","surv_ice_seals_2025_fl223_L_114"
"detection_id","465","surv_ice_seals_2025_fl223_R_46"
"detection_id","462","surv_ice_seals_2025_fl223_R_120"
"detection_id","463","surv_ice_seals_2025_fl223_R_172"
"detection_id","464","surv_ice_seals_2025_fl223_R_327"
"detection_id","468","surv_ice_seals_2025_fl225_C_8"
"detection_id","470","surv_ice_seals_2025_fl225_L_40"
"detection_id","471","surv_ice_seals_2025_fl225_R_29"
"detection_id","474","surv_ice_seals_2025_fl226_R_25"
"detection_id","480","surv_ice_seals_2025_fl227_R_45"
"detection_id","482","surv_ice_seals_2025_fl227_R_55"
"detection_id","485","surv_ice_seals_2025_fl228_L_8"
"detection_id","483","surv_ice_seals_2025_fl228_L_14"
"detection_id","484","surv_ice_seals_2025_fl228_L_17"
"detection_id","486","surv_ice_seals_2025_fl228_R_23"
"detection_id","490","surv_ice_seals_2025_fl234_C_47"
"detection_id","494","surv_ice_seals_2025_fl234_L_39"
"detection_id","493","surv_ice_seals_2025_fl234_L_160"
"detection_id","495","surv_ice_seals_2025_fl234_R_104"
"detection_id","498","surv_ice_seals_2025_fl234_R_192"
"detection_id","499","surv_ice_seals_2025_fl234_R_194"
"detection_id","508","surv_ice_seals_2025_fl235_C_77"
"detection_id","505","surv_ice_seals_2025_fl235_C_60"
"detection_id","506","surv_ice_seals_2025_fl235_C_62"
"detection_id","509","surv_ice_seals_2025_fl235_L_12"
"detection_id","511","surv_ice_seals_2025_fl235_L_18"
"detection_id","512","surv_ice_seals_2025_fl235_L_19"
"detection_id","514","surv_ice_seals_2025_fl235_L_27"
"detection_id","517","surv_ice_seals_2025_fl235_L_41"
"detection_id","515","surv_ice_seals_2025_fl235_L_30"
"detection_id","516","surv_ice_seals_2025_fl235_L_34"
"detection_id","523","surv_ice_seals_2025_fl235_R_48"
"detection_id","524","surv_ice_seals_2025_fl235_R_56"
"detection_id","546","surv_ice_seals_2025_fl237_C_53"
"detection_id","551","surv_ice_seals_2025_fl237_C_62"
"detection_id","525","surv_ice_seals_2025_fl237_C_100"
"detection_id","527","surv_ice_seals_2025_fl237_C_166"
"detection_id","528","surv_ice_seals_2025_fl237_C_167"
"detection_id","529","surv_ice_seals_2025_fl237_C_168"
"detection_id","531","surv_ice_seals_2025_fl237_C_187"
"detection_id","532","surv_ice_seals_2025_fl237_C_196"
"detection_id","533","surv_ice_seals_2025_fl237_C_197"
"detection_id","537","surv_ice_seals_2025_fl237_C_238"
"detection_id","541","surv_ice_seals_2025_fl237_C_376"
"detection_id","543","surv_ice_seals_2025_fl237_C_445"
"detection_id","545","surv_ice_seals_2025_fl237_C_522"
"detection_id","569","surv_ice_seals_2025_fl237_C_923"
"detection_id","553","surv_ice_seals_2025_fl237_C_652"
"detection_id","555","surv_ice_seals_2025_fl237_C_728"
"detection_id","560","surv_ice_seals_2025_fl237_C_799"
"detection_id","561","surv_ice_seals_2025_fl237_C_801"
"detection_id","562","surv_ice_seals_2025_fl237_C_820"
"detection_id","566","surv_ice_seals_2025_fl237_C_898"
"detection_id","567","surv_ice_seals_2025_fl237_C_904"
"detection_id","583","surv_ice_seals_2025_fl237_L_14"
"detection_id","586","surv_ice_seals_2025_fl237_L_23"
"detection_id","601","surv_ice_seals_2025_fl237_L_51"
"detection_id","624","surv_ice_seals_2025_fl237_L_87"
"detection_id","587","surv_ice_seals_2025_fl237_L_234"
"detection_id","590","surv_ice_seals_2025_fl237_L_283"
"detection_id","591","surv_ice_seals_2025_fl237_L_314"
"detection_id","593","surv_ice_seals_2025_fl237_L_393"
"detection_id","594","surv_ice_seals_2025_fl237_L_449"
"detection_id","597","surv_ice_seals_2025_fl237_L_489"
"detection_id","575","surv_ice_seals_2025_fl237_L_1205"
"detection_id","605","surv_ice_seals_2025_fl237_L_579"
"detection_id","607","surv_ice_seals_2025_fl237_L_600"
"detection_id","608","surv_ice_seals_2025_fl237_L_611"
"detection_id","612","surv_ice_seals_2025_fl237_L_675"
"detection_id","577","surv_ice_seals_2025_fl237_L_1346"
"detection_id","618","surv_ice_seals_2025_fl237_L_801"
"detection_id","620","surv_ice_seals_2025_fl237_L_851"
"detection_id","621","surv_ice_seals_2025_fl237_L_852"
"detection_id","582","surv_ice_seals_2025_fl237_L_1371"
"detection_id","626","surv_ice_seals_2025_fl237_L_979"
"detection_id","571","surv_ice_seals_2025_fl237_L_1016"
"detection_id","572","surv_ice_seals_2025_fl237_L_1026"
"detection_id","573","surv_ice_seals_2025_fl237_L_1067"
"detection_id","646","surv_ice_seals_2025_fl237_R_26"
"detection_id","627","surv_ice_seals_2025_fl237_R_103"
"detection_id","631","surv_ice_seals_2025_fl237_R_118"
"detection_id","644","surv_ice_seals_2025_fl237_R_194"
"detection_id","645","surv_ice_seals_2025_fl237_R_197"
"detection_id","650","surv_ice_seals_2025_fl237_R_403"
"detection_id","652","surv_ice_seals_2025_fl237_R_422"
"detection_id","653","surv_ice_seals_2025_fl237_R_426"
"detection_id","656","surv_ice_seals_2025_fl237_R_540"
"detection_id","657","surv_ice_seals_2025_fl237_R_545"
"detection_id","658","surv_ice_seals_2025_fl237_R_546"
"detection_id","664","surv_ice_seals_2025_fl237_R_646"
"detection_id","663","surv_ice_seals_2025_fl237_R_645"
"detection_id","665","surv_ice_seals_2025_fl237_R_700"
"detection_id","640","surv_ice_seals_2025_fl237_R_1285"
"detection_id","666","surv_ice_seals_2025_fl237_R_717"
"detection_id","667","surv_ice_seals_2025_fl237_R_722"
"detection_id","668","surv_ice_seals_2025_fl237_R_726"
"detection_id","669","surv_ice_seals_2025_fl237_R_734"
"detection_id","670","surv_ice_seals_2025_fl237_R_747"
"detection_id","671","surv_ice_seals_2025_fl237_R_836"
"detection_id","675","surv_ice_seals_2025_fl237_R_888"
"detection_id","642","surv_ice_seals_2025_fl237_R_1302"
"detection_id","630","surv_ice_seals_2025_fl237_R_1141"
"detection_id","633","surv_ice_seals_2025_fl237_R_1200"
"detection_id","635","surv_ice_seals_2025_fl237_R_1216"
"detection_id","636","surv_ice_seals_2025_fl237_R_1221"
"detection_id","637","surv_ice_seals_2025_fl237_R_1228"
"detection_id","680","surv_ice_seals_2025_fl242_C_392"
"detection_id","685","surv_ice_seals_2025_fl242_L_9"
"detection_id","684","surv_ice_seals_2025_fl242_L_63"
"detection_id","687","surv_ice_seals_2025_fl242_R_304"
"detection_id","688","surv_ice_seals_2025_fl242_R_367"
"detection_id","2","surv_ice_seals_2025_fl107_C_978"
"detection_id","8","surv_ice_seals_2025_fl108_C_677"
"detection_id","12","surv_ice_seals_2025_fl108_L_350"
"detection_id","16","surv_ice_seals_2025_fl108_L_857"
"detection_id","17","surv_ice_seals_2025_fl108_L_887"
"detection_id","18","surv_ice_seals_2025_fl108_L_907"
"detection_id","22","surv_ice_seals_2025_fl108_L_990"
"detection_id","28","surv_ice_seals_2025_fl108_R_5"
"detection_id","25","surv_ice_seals_2025_fl108_R_308"
"detection_id","29","surv_ice_seals_2025_fl108_R_507"
"detection_id","34","surv_ice_seals_2025_fl108_R_800"
"detection_id","37","surv_ice_seals_2025_fl108_R_828"
"detection_id","40","surv_ice_seals_2025_fl111_C_68"
"detection_id","41","surv_ice_seals_2025_fl111_C_69"
"detection_id","42","surv_ice_seals_2025_fl111_C_81"
"detection_id","47","surv_ice_seals_2025_fl112_L_145"
"detection_id","51","surv_ice_seals_2025_fl113_C_71"
"detection_id","52","surv_ice_seals_2025_fl113_L_298"
"detection_id","53","surv_ice_seals_2025_fl113_L_405"
"detection_id","54","surv_ice_seals_2025_fl113_R_313"
"detection_id","57","surv_ice_seals_2025_fl119_C_47"
"detection_id","67","surv_ice_seals_2025_fl120_C_76"
"detection_id","66","surv_ice_seals_2025_fl120_C_107"
"detection_id","74","surv_ice_seals_2025_fl120_L_213"
"detection_id","76","surv_ice_seals_2025_fl120_L_358"
"detection_id","77","surv_ice_seals_2025_fl120_L_413"
"detection_id","78","surv_ice_seals_2025_fl120_L_675"
"detection_id","69","surv_ice_seals_2025_fl120_L_1091"
"detection_id","70","surv_ice_seals_2025_fl120_L_1102"
"detection_id","87","surv_ice_seals_2025_fl121_C_422"
"detection_id","89","surv_ice_seals_2025_fl121_C_71"
"detection_id","85","surv_ice_seals_2025_fl121_C_410"
"detection_id","90","surv_ice_seals_2025_fl121_L_121"
"detection_id","92","surv_ice_seals_2025_fl121_L_173"
"detection_id","93","surv_ice_seals_2025_fl121_L_404"
"detection_id","99","surv_ice_seals_2025_fl121_R_69"
"detection_id","97","surv_ice_seals_2025_fl121_R_158"
"detection_id","101","surv_ice_seals_2025_fl122_C_1"
"detection_id","113","surv_ice_seals_2025_fl123_L_17"
"detection_id","115","surv_ice_seals_2025_fl123_L_27"
"detection_id","116","surv_ice_seals_2025_fl123_L_346"
"detection_id","127","surv_ice_seals_2025_fl123_R_72"
"detection_id","120","surv_ice_seals_2025_fl123_R_100"
"detection_id","146","surv_ice_seals_2025_fl125_L_980"
"detection_id","145","surv_ice_seals_2025_fl125_L_6892"
"detection_id","142","surv_ice_seals_2025_fl125_L_6272"
"detection_id","154","surv_ice_seals_2025_fl125_R_5"
"detection_id","156","surv_ice_seals_2025_fl125_R_97"
"detection_id","148","surv_ice_seals_2025_fl125_R_156"
"detection_id","157","surv_ice_seals_2025_fl126_C_22"
"detection_id","164","surv_ice_seals_2025_fl127_C_57"
"detection_id","165","surv_ice_seals_2025_fl127_C_58"
"detection_id","167","surv_ice_seals_2025_fl127_C_77"
"detection_id","162","surv_ice_seals_2025_fl127_C_105"
"detection_id","171","surv_ice_seals_2025_fl127_L_2148"
"detection_id","181","surv_ice_seals_2025_fl127_R_68"
"detection_id","182","surv_ice_seals_2025_fl127_R_72"
"detection_id","176","surv_ice_seals_2025_fl127_R_137"
"detection_id","177","surv_ice_seals_2025_fl127_R_151"
"detection_id","184","surv_ice_seals_2025_fl132_L_154"
"detection_id","190","surv_ice_seals_2025_fl134_C_60"
"detection_id","189","surv_ice_seals_2025_fl134_C_135"
"detection_id","192","surv_ice_seals_2025_fl135_L_189"
"detection_id","196","surv_ice_seals_2025_fl137_L_169"
"detection_id","197","surv_ice_seals_2025_fl137_L_262"
"detection_id","203","surv_ice_seals_2025_fl138_R_1637"
"detection_id","205","surv_ice_seals_2025_fl201_R_3"
"detection_id","209","surv_ice_seals_2025_fl202_C_15"
"detection_id","210","surv_ice_seals_2025_fl202_C_16"
"detection_id","207","surv_ice_seals_2025_fl202_C_101"
"detection_id","216","surv_ice_seals_2025_fl202_R_18"
"detection_id","219","surv_ice_seals_2025_fl202_R_24"
"detection_id","223","surv_ice_seals_2025_fl202_R_31"
"detection_id","225","surv_ice_seals_2025_fl202_R_42"
"detection_id","237","surv_ice_seals_2025_fl203_L_43"
"detection_id","236","surv_ice_seals_2025_fl203_L_140"
"detection_id","245","surv_ice_seals_2025_fl203_R_54"
"detection_id","246","surv_ice_seals_2025_fl203_R_72"
"detection_id","247","surv_ice_seals_2025_fl204_L_102"
"detection_id","249","surv_ice_seals_2025_fl204_L_142"
"detection_id","256","surv_ice_seals_2025_fl207_C_21"
"detection_id","259","surv_ice_seals_2025_fl207_C_24"
"detection_id","265","surv_ice_seals_2025_fl207_C_35"
"detection_id","266","surv_ice_seals_2025_fl207_C_36"
"detection_id","269","surv_ice_seals_2025_fl207_C_61"
"detection_id","271","surv_ice_seals_2025_fl207_C_63"
"detection_id","270","surv_ice_seals_2025_fl207_C_62"
"detection_id","273","surv_ice_seals_2025_fl207_C_82"
"detection_id","276","surv_ice_seals_2025_fl207_C_97"
"detection_id","305","surv_ice_seals_2025_fl207_L_5"
"detection_id","294","surv_ice_seals_2025_fl207_L_21"
"detection_id","299","surv_ice_seals_2025_fl207_L_39"
"detection_id","302","surv_ice_seals_2025_fl207_L_44"
"detection_id","278","surv_ice_seals_2025_fl207_L_101"
"detection_id","291","surv_ice_seals_2025_fl207_L_156"
"detection_id","328","surv_ice_seals_2025_fl207_R_221"
"detection_id","329","surv_ice_seals_2025_fl207_R_222"
"detection_id","324","surv_ice_seals_2025_fl207_R_210"
"detection_id","326","surv_ice_seals_2025_fl207_R_217"
"detection_id","345","surv_ice_seals_2025_fl213_C_82"
"detection_id","346","surv_ice_seals_2025_fl213_C_93"
"detection_id","348","surv_ice_seals_2025_fl213_L_74"
"detection_id","356","surv_ice_seals_2025_fl213_R_62"
"detection_id","359","surv_ice_seals_2025_fl214_C_100"
"detection_id","370","surv_ice_seals_2025_fl214_L_93"
"detection_id","375","surv_ice_seals_2025_fl214_R_191"
"detection_id","372","surv_ice_seals_2025_fl214_R_137"
"detection_id","377","surv_ice_seals_2025_fl215_C_19"
"detection_id","386","surv_ice_seals_2025_fl216_L_25"
"detection_id","387","surv_ice_seals_2025_fl216_L_42"
"detection_id","395","surv_ice_seals_2025_fl217_L_78"
"detection_id","408","surv_ice_seals_2025_fl218_C_96"
"detection_id","405","surv_ice_seals_2025_fl218_C_185"
"detection_id","435","surv_ice_seals_2025_fl218_L_437"
"detection_id","411","surv_ice_seals_2025_fl218_L_178"
"detection_id","412","surv_ice_seals_2025_fl218_L_189"
"detection_id","416","surv_ice_seals_2025_fl218_L_213"
"detection_id","417","surv_ice_seals_2025_fl218_L_225"
"detection_id","427","surv_ice_seals_2025_fl218_L_331"
"detection_id","430","surv_ice_seals_2025_fl218_L_352"
"detection_id","436","surv_ice_seals_2025_fl218_L_451"
"detection_id","437","surv_ice_seals_2025_fl218_R_103"
"detection_id","442","surv_ice_seals_2025_fl219_C_16"
"detection_id","457","surv_ice_seals_2025_fl223_L_105"
"detection_id","459","surv_ice_seals_2025_fl223_L_145"
"detection_id","466","surv_ice_seals_2025_fl225_C_18"
"detection_id","472","surv_ice_seals_2025_fl226_C_65"
"detection_id","473","surv_ice_seals_2025_fl226_L_5"
"detection_id","478","surv_ice_seals_2025_fl227_L_5"
"detection_id","479","surv_ice_seals_2025_fl227_R_24"
"detection_id","481","surv_ice_seals_2025_fl227_R_46"
"detection_id","487","surv_ice_seals_2025_fl229_R_35"
"detection_id","488","surv_ice_seals_2025_fl232_C_9"
"detection_id","492","surv_ice_seals_2025_fl234_L_138"
"detection_id","500","surv_ice_seals_2025_fl234_R_52"
"detection_id","501","surv_ice_seals_2025_fl235_C_14"
"detection_id","502","surv_ice_seals_2025_fl235_C_19"
"detection_id","510","surv_ice_seals_2025_fl235_L_16"
"detection_id","519","surv_ice_seals_2025_fl235_R_33"
"detection_id","520","surv_ice_seals_2025_fl235_R_39"
"detection_id","522","surv_ice_seals_2025_fl235_R_44"
"detection_id","550","surv_ice_seals_2025_fl237_C_6"
"detection_id","568","surv_ice_seals_2025_fl237_C_920"
"detection_id","526","surv_ice_seals_2025_fl237_C_165"
"detection_id","534","surv_ice_seals_2025_fl237_C_198"
"detection_id","536","surv_ice_seals_2025_fl237_C_218"
"detection_id","538","surv_ice_seals_2025_fl237_C_251"
"detection_id","547","surv_ice_seals_2025_fl237_C_540"
"detection_id","554","surv_ice_seals_2025_fl237_C_725"
"detection_id","556","surv_ice_seals_2025_fl237_C_733"
"detection_id","563","surv_ice_seals_2025_fl237_C_838"
"detection_id","564","surv_ice_seals_2025_fl237_C_867"
"detection_id","565","surv_ice_seals_2025_fl237_C_886"
"detection_id","570","surv_ice_seals_2025_fl237_C_934"
"detection_id","584","surv_ice_seals_2025_fl237_L_209"
"detection_id","588","surv_ice_seals_2025_fl237_L_236"
"detection_id","589","surv_ice_seals_2025_fl237_L_276"
"detection_id","595","surv_ice_seals_2025_fl237_L_462"
"detection_id","606","surv_ice_seals_2025_fl237_L_581"
"detection_id","609","surv_ice_seals_2025_fl237_L_619"
"detection_id","616","surv_ice_seals_2025_fl237_L_764"
"detection_id","622","surv_ice_seals_2025_fl237_L_857"
"detection_id","579","surv_ice_seals_2025_fl237_L_1352"
"detection_id","649","surv_ice_seals_2025_fl237_R_36"
"detection_id","629","surv_ice_seals_2025_fl237_R_113"
"detection_id","638","surv_ice_seals_2025_fl237_R_1254"
"detection_id","647","surv_ice_seals_2025_fl237_R_279"
"detection_id","648","surv_ice_seals_2025_fl237_R_286"
"detection_id","651","surv_ice_seals_2025_fl237_R_407"
"detection_id","659","surv_ice_seals_2025_fl237_R_570"
"detection_id","661","surv_ice_seals_2025_fl237_R_614"
"detection_id","641","surv_ice_seals_2025_fl237_R_1297"
"detection_id","672","surv_ice_seals_2025_fl237_R_850"
"detection_id","628","surv_ice_seals_2025_fl237_R_1086"
"detection_id","634","surv_ice_seals_2025_fl237_R_1202"
"detection_id","677","surv_ice_seals_2025_fl239_C_187"
"detection_id","679","surv_ice_seals_2025_fl242_C_391"
"detection_id","682","surv_ice_seals_2025_fl242_L_308"
"detection_id","683","surv_ice_seals_2025_fl242_L_336"
"detection_id","690","surv_ice_seals_2025_fl242_R_57"
"detection_id","691","surv_ice_seals_2025_fl242_R_62"
"detection_id","6","surv_ice_seals_2025_fl108_C_381"
"detection_id","33","surv_ice_seals_2025_fl108_R_7"
"detection_id","26","surv_ice_seals_2025_fl108_R_388"
"detection_id","36","surv_ice_seals_2025_fl108_R_821"
"detection_id","39","surv_ice_seals_2025_fl111_C_37"
"detection_id","50","surv_ice_seals_2025_fl113_C_382"
"detection_id","62","surv_ice_seals_2025_fl119_L_174"
"detection_id","68","surv_ice_seals_2025_fl120_C_89"
"detection_id","73","surv_ice_seals_2025_fl120_L_176"
"detection_id","83","surv_ice_seals_2025_fl121_C_348"
"detection_id","84","surv_ice_seals_2025_fl121_C_409"
"detection_id","96","surv_ice_seals_2025_fl121_L_703"
"detection_id","103","surv_ice_seals_2025_fl122_C_3"
"detection_id","104","surv_ice_seals_2025_fl122_L_71"
"detection_id","107","surv_ice_seals_2025_fl123_C_28"
"detection_id","105","surv_ice_seals_2025_fl123_C_127"
"detection_id","128","surv_ice_seals_2025_fl123_R_78"
"detection_id","129","surv_ice_seals_2025_fl125_C_10"
"detection_id","130","surv_ice_seals_2025_fl125_C_11"
"detection_id","137","surv_ice_seals_2025_fl125_C_80"
"detection_id","131","surv_ice_seals_2025_fl125_C_117"
"detection_id","133","surv_ice_seals_2025_fl125_C_242"
"detection_id","136","surv_ice_seals_2025_fl125_C_491"
"detection_id","150","surv_ice_seals_2025_fl125_R_265"
"detection_id","163","surv_ice_seals_2025_fl127_C_13"
"detection_id","175","surv_ice_seals_2025_fl127_R_135"
"detection_id","202","surv_ice_seals_2025_fl138_L_59"
"detection_id","213","surv_ice_seals_2025_fl202_C_36"
"detection_id","215","surv_ice_seals_2025_fl202_C_68"
"detection_id","220","surv_ice_seals_2025_fl202_R_25"
"detection_id","222","surv_ice_seals_2025_fl202_R_28"
"detection_id","234","surv_ice_seals_2025_fl203_C_7"
"detection_id","257","surv_ice_seals_2025_fl207_C_22"
"detection_id","253","surv_ice_seals_2025_fl207_C_104"
"detection_id","295","surv_ice_seals_2025_fl207_L_22"
"detection_id","310","surv_ice_seals_2025_fl207_L_54"
"detection_id","311","surv_ice_seals_2025_fl207_L_57"
"detection_id","281","surv_ice_seals_2025_fl207_L_116"
"detection_id","284","surv_ice_seals_2025_fl207_L_137"
"detection_id","286","surv_ice_seals_2025_fl207_L_143"
"detection_id","288","surv_ice_seals_2025_fl207_L_151"
"detection_id","316","surv_ice_seals_2025_fl207_R_10"
"detection_id","339","surv_ice_seals_2025_fl207_R_53"
"detection_id","341","surv_ice_seals_2025_fl207_R_61"
"detection_id","321","surv_ice_seals_2025_fl207_R_138"
"detection_id","332","surv_ice_seals_2025_fl207_R_232"
"detection_id","343","surv_ice_seals_2025_fl213_C_30"
"detection_id","344","surv_ice_seals_2025_fl213_C_50"
"detection_id","347","surv_ice_seals_2025_fl213_L_61"
"detection_id","354","surv_ice_seals_2025_fl213_R_24"
"detection_id","355","surv_ice_seals_2025_fl213_R_26"
"detection_id","350","surv_ice_seals_2025_fl213_R_131"
"detection_id","351","surv_ice_seals_2025_fl213_R_135"
"detection_id","363","surv_ice_seals_2025_fl214_C_66"
"detection_id","361","surv_ice_seals_2025_fl214_C_168"
"detection_id","365","surv_ice_seals_2025_fl214_L_124"
"detection_id","373","surv_ice_seals_2025_fl214_R_140"
"detection_id","390","surv_ice_seals_2025_fl216_R_76"
"detection_id","392","surv_ice_seals_2025_fl217_L_101"
"detection_id","393","surv_ice_seals_2025_fl217_L_106"
"detection_id","396","surv_ice_seals_2025_fl217_R_122"
"detection_id","402","surv_ice_seals_2025_fl218_C_160"
"detection_id","403","surv_ice_seals_2025_fl218_C_161"
"detection_id","420","surv_ice_seals_2025_fl218_L_274"
"detection_id","422","surv_ice_seals_2025_fl218_L_289"
"detection_id","432","surv_ice_seals_2025_fl218_L_370"
"detection_id","445","surv_ice_seals_2025_fl220_C_24"
"detection_id","452","surv_ice_seals_2025_fl223_C_18"
"detection_id","456","surv_ice_seals_2025_fl223_C_41"
"detection_id","467","surv_ice_seals_2025_fl225_C_24"
"detection_id","469","surv_ice_seals_2025_fl225_L_16"
"detection_id","475","surv_ice_seals_2025_fl227_C_1"
"detection_id","477","surv_ice_seals_2025_fl227_C_9"
"detection_id","489","surv_ice_seals_2025_fl232_R_23"
"detection_id","496","surv_ice_seals_2025_fl234_R_137"
"detection_id","497","surv_ice_seals_2025_fl234_R_138"
"detection_id","513","surv_ice_seals_2025_fl235_L_22"
"detection_id","521","surv_ice_seals_2025_fl235_R_42"
"detection_id","542","surv_ice_seals_2025_fl237_C_38"
"detection_id","530","surv_ice_seals_2025_fl237_C_175"
"detection_id","535","surv_ice_seals_2025_fl237_C_203"
"detection_id","539","surv_ice_seals_2025_fl237_C_334"
"detection_id","540","surv_ice_seals_2025_fl237_C_357"
"detection_id","544","surv_ice_seals_2025_fl237_C_466"
"detection_id","548","surv_ice_seals_2025_fl237_C_560"
"detection_id","549","surv_ice_seals_2025_fl237_C_597"
"detection_id","557","surv_ice_seals_2025_fl237_C_743"
"detection_id","559","surv_ice_seals_2025_fl237_C_789"
"detection_id","617","surv_ice_seals_2025_fl237_L_77"
"detection_id","585","surv_ice_seals_2025_fl237_L_210"
"detection_id","576","surv_ice_seals_2025_fl237_L_1335"
"detection_id","596","surv_ice_seals_2025_fl237_L_467"
"detection_id","598","surv_ice_seals_2025_fl237_L_492"
"detection_id","599","surv_ice_seals_2025_fl237_L_506"
"detection_id","603","surv_ice_seals_2025_fl237_L_556"
"detection_id","610","surv_ice_seals_2025_fl237_L_621"
"detection_id","611","surv_ice_seals_2025_fl237_L_640"
"detection_id","614","surv_ice_seals_2025_fl237_L_706"
"detection_id","615","surv_ice_seals_2025_fl237_L_746"
"detection_id","619","surv_ice_seals_2025_fl237_L_813"
"detection_id","578","surv_ice_seals_2025_fl237_L_1351"
"detection_id","625","surv_ice_seals_2025_fl237_L_937"
"detection_id","574","surv_ice_seals_2025_fl237_L_1102"
"detection_id","580","surv_ice_seals_2025_fl237_L_1361"
"detection_id","643","surv_ice_seals_2025_fl237_R_151"
"detection_id","655","surv_ice_seals_2025_fl237_R_484"
"detection_id","660","surv_ice_seals_2025_fl237_R_607"
"detection_id","662","surv_ice_seals_2025_fl237_R_639"
"detection_id","673","surv_ice_seals_2025_fl237_R_853"
"detection_id","674","surv_ice_seals_2025_fl237_R_865"
"detection_id","676","surv_ice_seals_2025_fl237_R_913"
"detection_id","692","surv_ice_seals_2025_fl242_R_9"
"detection_id","686","surv_ice_seals_2025_fl242_R_160"
"detection_id","11","surv_ice_seals_2025_fl108_L_312"
"detection_id","13","surv_ice_seals_2025_fl108_L_387"
"detection_id","14","surv_ice_seals_2025_fl108_L_528"
"detection_id","32","surv_ice_seals_2025_fl108_R_6"
"detection_id","46","surv_ice_seals_2025_fl111_R_75"
"detection_id","64","surv_ice_seals_2025_fl119_R_111"
"detection_id","88","surv_ice_seals_2025_fl121_C_61"
"detection_id","125","surv_ice_seals_2025_fl123_R_32"
"detection_id","143","surv_ice_seals_2025_fl125_L_6281"
"detection_id","155","surv_ice_seals_2025_fl125_R_633"
"detection_id","153","surv_ice_seals_2025_fl125_R_409"
"detection_id","160","surv_ice_seals_2025_fl126_L_379"
"detection_id","159","surv_ice_seals_2025_fl126_L_1963"
"detection_id","172","surv_ice_seals_2025_fl127_L_2149"
"detection_id","180","surv_ice_seals_2025_fl127_R_62"
"detection_id","185","surv_ice_seals_2025_fl132_L_168"
"detection_id","193","surv_ice_seals_2025_fl135_L_95"
"detection_id","201","surv_ice_seals_2025_fl138_L_45"
"detection_id","204","surv_ice_seals_2025_fl138_R_2946"
"detection_id","211","surv_ice_seals_2025_fl202_C_17"
"detection_id","232","surv_ice_seals_2025_fl203_C_48"
"detection_id","235","surv_ice_seals_2025_fl203_L_114"
"detection_id","242","surv_ice_seals_2025_fl203_R_177"
"detection_id","261","surv_ice_seals_2025_fl207_C_31"
"detection_id","262","surv_ice_seals_2025_fl207_C_32"
"detection_id","264","surv_ice_seals_2025_fl207_C_34"
"detection_id","275","surv_ice_seals_2025_fl207_C_84"
"detection_id","319","surv_ice_seals_2025_fl207_R_125"
"detection_id","342","surv_ice_seals_2025_fl210_L_193"
"detection_id","352","surv_ice_seals_2025_fl213_R_148"
"detection_id","362","surv_ice_seals_2025_fl214_C_169"
"detection_id","368","surv_ice_seals_2025_fl214_L_171"
"detection_id","385","surv_ice_seals_2025_fl216_L_23"
"detection_id","391","surv_ice_seals_2025_fl217_C_117"
"detection_id","418","surv_ice_seals_2025_fl218_L_231"
"detection_id","428","surv_ice_seals_2025_fl218_L_343"
"detection_id","441","surv_ice_seals_2025_fl218_R_66"
"detection_id","446","surv_ice_seals_2025_fl220_L_21"
"detection_id","460","surv_ice_seals_2025_fl223_L_17"
"detection_id","476","surv_ice_seals_2025_fl227_C_26"
"detection_id","491","surv_ice_seals_2025_fl234_L_122"
"detection_id","507","surv_ice_seals_2025_fl235_C_76"
"detection_id","518","surv_ice_seals_2025_fl235_R_32"
"detection_id","552","surv_ice_seals_2025_fl237_C_646"
"detection_id","600","surv_ice_seals_2025_fl237_L_507"
"detection_id","602","surv_ice_seals_2025_fl237_L_531"
"detection_id","604","surv_ice_seals_2025_fl237_L_571"
"detection_id","613","surv_ice_seals_2025_fl237_L_679"
"detection_id","581","surv_ice_seals_2025_fl237_L_1364"
"detection_id","623","surv_ice_seals_2025_fl237_L_859"
"detection_id","639","surv_ice_seals_2025_fl237_R_1265"
"detection_id","654","surv_ice_seals_2025_fl237_R_471"
"detection_id","681","surv_ice_seals_2025_fl242_C_85"
"detection_id","689","surv_ice_seals_2025_fl242_R_52"
"detection_id","20","surv_ice_seals_2025_fl108_L_970"
"detection_id","122","surv_ice_seals_2025_fl123_R_15"
"detection_id","132","surv_ice_seals_2025_fl125_C_13"
"detection_id","198","surv_ice_seals_2025_fl137_L_451"
"detection_id","244","surv_ice_seals_2025_fl203_R_22"
"detection_id","243","surv_ice_seals_2025_fl203_R_179"
"detection_id","289","surv_ice_seals_2025_fl207_L_154"
"detection_id","279","surv_ice_seals_2025_fl207_L_108"
"detection_id","287","surv_ice_seals_2025_fl207_L_149"
"detection_id","334","surv_ice_seals_2025_fl207_R_26"
"detection_id","419","surv_ice_seals_2025_fl218_L_239"
"detection_id","438","surv_ice_seals_2025_fl218_R_241"
"detection_id","440","surv_ice_seals_2025_fl218_R_294"
"detection_id","503","surv_ice_seals_2025_fl235_C_37"
"detection_id","504","surv_ice_seals_2025_fl235_C_59"
"detection_id","558","surv_ice_seals_2025_fl237_C_75"
"detection_id","592","surv_ice_seals_2025_fl237_L_366"
"detection_id","632","surv_ice_seals_2025_fl237_R_119"
"detection_id","678","surv_ice_seals_2025_fl239_L_56"
"image_number","1","ice_seals_2025_fl107_C_20250412_004539.739968_rgb.jpg"
"image_number","3","ice_seals_2025_fl108_C_20250414_213004.275269_rgb.jpg"
"image_number","4","ice_seals_2025_fl108_C_20250414_214237.692306_rgb.jpg"
"image_number","5","ice_seals_2025_fl108_C_20250414_220546.104362_rgb.jpg"
"image_number","8","ice_seals_2025_fl108_C_20250414_231107.241226_rgb.jpg"
"image_number","9","ice_seals_2025_fl108_C_20250414_232846.439301_rgb.jpg"
"image_number","10","ice_seals_2025_fl108_L_20250414_214740.018141_rgb.jpg"
"image_number","13","ice_seals_2025_fl108_L_20250414_220924.724474_rgb.jpg"
"image_number","16","ice_seals_2025_fl108_L_20250414_232843.883063_rgb.jpg"
"image_number","20","ice_seals_2025_fl108_L_20250414_235140.736593_rgb.jpg"
"image_number","22","ice_seals_2025_fl108_L_20250415_000936.421793_rgb.jpg"
"image_number","26","ice_seals_2025_fl108_R_20250414_211256.906837_rgb.jpg"
"image_number","27","ice_seals_2025_fl108_R_20250414_214002.984385_rgb.jpg"
"image_number","31","ice_seals_2025_fl108_R_20250414_224442.845452_rgb.jpg"
"image_number","32","ice_seals_2025_fl108_R_20250414_225248.607276_rgb.jpg"
"image_number","34","ice_seals_2025_fl108_R_20250414_233940.693921_rgb.jpg"
"image_number","37","ice_seals_2025_fl109_C_20250418_013148.551621_rgb.jpg"
"image_number","42","ice_seals_2025_fl111_L_20250419_222406.598752_rgb.jpg"
"image_number","43","ice_seals_2025_fl111_L_20250419_235531.427922_rgb.jpg"
"image_number","44","ice_seals_2025_fl111_L_20250420_000808.672220_rgb.jpg"
"image_number","48","ice_seals_2025_fl113_C_20250421_224354.881428_rgb.jpg"
"image_number","49","ice_seals_2025_fl113_C_20250421_224918.350635_rgb.jpg"
"image_number","53","ice_seals_2025_fl115_R_20250422_224537.761871_rgb.jpg"
"image_number","54","ice_seals_2025_fl116_R_20250424_234941.640028_rgb.jpg"
"image_number","55","ice_seals_2025_fl119_C_20250505_192828.284545_rgb.jpg"
"image_number","56","ice_seals_2025_fl119_C_20250505_192832.612083_rgb.jpg"
"image_number","57","ice_seals_2025_fl119_C_20250505_192958.162925_rgb.jpg"
"image_number","59","ice_seals_2025_fl119_R_20250505_201426.038319_rgb.jpg"
"image_number","61","ice_seals_2025_fl119_R_20250505_204651.702836_rgb.jpg"
"image_number","67","ice_seals_2025_fl120_L_20250506_021355.381200_rgb.jpg"
"image_number","69","ice_seals_2025_fl120_L_20250506_022748.156358_rgb.jpg"
"image_number","72","ice_seals_2025_fl120_L_20250506_033345.782543_rgb.jpg"
"image_number","73","ice_seals_2025_fl120_L_20250506_033541.538034_rgb.jpg"
"image_number","76","ice_seals_2025_fl120_L_20250506_041347.416852_rgb.jpg"
"image_number","77","ice_seals_2025_fl120_R_20250506_013818.080090_rgb.jpg"
"image_number","81","ice_seals_2025_fl121_C_20250508_000022.779074_rgb.jpg"
"image_number","84","ice_seals_2025_fl121_C_20250508_002846.994213_rgb.jpg"
"image_number","85","ice_seals_2025_fl121_L_20250507_224843.214942_rgb.jpg"
"image_number","87","ice_seals_2025_fl121_L_20250507_230008.664961_rgb.jpg"
"image_number","90","ice_seals_2025_fl121_L_20250507_234043.876251_rgb.jpg"
"image_number","94","ice_seals_2025_fl121_R_20250507_234559.540169_rgb.jpg"
"image_number","95","ice_seals_2025_fl121_R_20250508_002021.253038_rgb.jpg"
"image_number","97","ice_seals_2025_fl122_C_20250508_182412.985024_rgb.jpg"
"image_number","100","ice_seals_2025_fl123_C_20250509_001224.753186_rgb.jpg"
"image_number","102","ice_seals_2025_fl123_C_20250509_001935.644114_rgb.jpg"
"image_number","103","ice_seals_2025_fl123_C_20250509_003818.598984_rgb.jpg"
"image_number","104","ice_seals_2025_fl123_C_20250509_004020.468189_rgb.jpg"
"image_number","105","ice_seals_2025_fl123_C_20250509_012429.779941_rgb.jpg"
"image_number","107","ice_seals_2025_fl123_L_20250508_235746.684797_rgb.jpg"
"image_number","110","ice_seals_2025_fl123_L_20250509_012650.028954_rgb.jpg"
"image_number","111","ice_seals_2025_fl123_L_20250509_013632.593935_rgb.jpg"
"image_number","112","ice_seals_2025_fl123_L_20250509_015436.363796_rgb.jpg"
"image_number","113","ice_seals_2025_fl123_L_20250509_025122.448781_rgb.jpg"
"image_number","114","ice_seals_2025_fl123_R_20250509_000621.684201_rgb.jpg"
"image_number","117","ice_seals_2025_fl123_R_20250509_011434.631298_rgb.jpg"
"image_number","121","ice_seals_2025_fl123_R_20250509_022400.262474_rgb.jpg"
"image_number","124","ice_seals_2025_fl125_C_20250510_182048.499845_rgb.jpg"
"image_number","126","ice_seals_2025_fl125_C_20250510_184023.750632_rgb.jpg"
"image_number","129","ice_seals_2025_fl125_C_20250510_203301.160551_rgb.jpg"
"image_number","132","ice_seals_2025_fl125_L_20250510_192316.403445_rgb.jpg"
"image_number","133","ice_seals_2025_fl125_L_20250510_193003.796964_rgb.jpg"
"image_number","134","ice_seals_2025_fl125_L_20250510_201251.529112_rgb.jpg"
"image_number","140","ice_seals_2025_fl125_R_20250510_182407.142721_rgb.jpg"
"image_number","142","ice_seals_2025_fl125_R_20250510_191752.773655_rgb.jpg"
"image_number","145","ice_seals_2025_fl125_R_20250510_202531.632431_rgb.jpg"
"image_number","149","ice_seals_2025_fl126_L_20250511_002426.153861_rgb.jpg"
"image_number","151","ice_seals_2025_fl126_R_20250511_012756.059900_rgb.jpg"
"image_number","155","ice_seals_2025_fl127_C_20250511_223306.430381_rgb.jpg"
"image_number","158","ice_seals_2025_fl127_L_20250511_202501.731195_rgb.jpg"
"image_number","159","ice_seals_2025_fl127_L_20250511_205859.514378_rgb.jpg"
"image_number","160","ice_seals_2025_fl127_L_20250511_221924.688874_rgb.jpg"
"image_number","161","ice_seals_2025_fl127_L_20250511_222000.558245_rgb.jpg"
"image_number","164","ice_seals_2025_fl127_L_20250511_222337.129290_rgb.jpg"
"image_number","165","ice_seals_2025_fl127_R_20250511_213505.272892_rgb.jpg"
"image_number","166","ice_seals_2025_fl127_R_20250511_222134.667383_rgb.jpg"
"image_number","173","ice_seals_2025_fl132_C_20250603_001257.517481_rgb.jpg"
"image_number","176","ice_seals_2025_fl132_R_20250602_221917.628253_rgb.jpg"
"image_number","177","ice_seals_2025_fl133_R_20250605_020259.042028_rgb.jpg"
"image_number","179","ice_seals_2025_fl134_C_20250606_023652.213151_rgb.jpg"
"image_number","181","ice_seals_2025_fl134_R_20250606_020442.482017_rgb.jpg"
"image_number","184","ice_seals_2025_fl136_R_20250608_023902.754772_rgb.jpg"
"image_number","185","ice_seals_2025_fl137_C_20250609_222314.760639_rgb.jpg"
"image_number","189","ice_seals_2025_fl137_R_20250609_230039.877394_rgb.jpg"
"image_number","190","ice_seals_2025_fl138_C_20250610_171149.861476_rgb.jpg"
"image_number","196","ice_seals_2025_fl202_C_20250405_224329.273145_rgb.jpg"
"image_number","199","ice_seals_2025_fl202_C_20250405_230526.747575_rgb.jpg"
"image_number","201","ice_seals_2025_fl202_C_20250405_233642.639889_rgb.jpg"
"image_number","204","ice_seals_2025_fl202_C_20250406_014232.244929_rgb.jpg"
"image_number","206","ice_seals_2025_fl202_R_20250405_224659.491672_rgb.jpg"
"image_number","208","ice_seals_2025_fl202_R_20250405_225800.614723_rgb.jpg"
"image_number","211","ice_seals_2025_fl202_R_20250405_230610.364249_rgb.jpg"
"image_number","213","ice_seals_2025_fl202_R_20250405_232644.364106_rgb.jpg"
"image_number","214","ice_seals_2025_fl202_R_20250405_232709.692147_rgb.jpg"
"image_number","215","ice_seals_2025_fl202_R_20250405_233847.337034_rgb.jpg"
"image_number","216","ice_seals_2025_fl202_R_20250405_234038.229393_rgb.jpg"
"image_number","217","ice_seals_2025_fl202_R_20250405_234457.763732_rgb.jpg"
"image_number","220","ice_seals_2025_fl203_C_20250409_011143.526787_rgb.jpg"
"image_number","227","ice_seals_2025_fl203_R_20250409_011829.647762_rgb.jpg"
"image_number","228","ice_seals_2025_fl203_R_20250409_012121.618755_rgb.jpg"
"image_number","230","ice_seals_2025_fl203_R_20250409_012526.906120_rgb.jpg"
"image_number","231","ice_seals_2025_fl204_L_20250410_213319.748177_rgb.jpg"
"image_number","233","ice_seals_2025_fl204_L_20250410_232223.557168_rgb.jpg"
"image_number","234","ice_seals_2025_fl204_R_20250410_210600.763746_rgb.jpg"
"image_number","235","ice_seals_2025_fl207_C_20250419_001048.136452_rgb.jpg"
"image_number","236","ice_seals_2025_fl207_C_20250419_001238.558337_rgb.jpg"
"image_number","238","ice_seals_2025_fl207_C_20250419_002100.658210_rgb.jpg"
"image_number","240","ice_seals_2025_fl207_C_20250419_003417.496772_rgb.jpg"
"image_number","243","ice_seals_2025_fl207_C_20250419_003858.054440_rgb.jpg"
"image_number","245","ice_seals_2025_fl207_C_20250419_004220.273756_rgb.jpg"
"image_number","247","ice_seals_2025_fl207_C_20250419_011012.024813_rgb.jpg"
"image_number","249","ice_seals_2025_fl207_C_20250419_012418.546880_rgb.jpg"
"image_number","253","ice_seals_2025_fl207_L_20250418_233217.751008_rgb.jpg"
"image_number","255","ice_seals_2025_fl207_L_20250418_234257.704233_rgb.jpg"
"image_number","257","ice_seals_2025_fl207_L_20250419_001044.250483_rgb.jpg"
"image_number","258","ice_seals_2025_fl207_L_20250419_001242.639183_rgb.jpg"
"image_number","259","ice_seals_2025_fl207_L_20250419_001959.514913_rgb.jpg"
"image_number","260","ice_seals_2025_fl207_L_20250419_003103.588656_rgb.jpg"
"image_number","261","ice_seals_2025_fl207_L_20250419_003111.659008_rgb.jpg"
"image_number","262","ice_seals_2025_fl207_L_20250419_003117.416902_rgb.jpg"
"image_number","263","ice_seals_2025_fl207_L_20250419_003606.907538_rgb.jpg"
"image_number","264","ice_seals_2025_fl207_L_20250419_003746.454615_rgb.jpg"
"image_number","266","ice_seals_2025_fl207_L_20250419_004131.871654_rgb.jpg"
"image_number","267","ice_seals_2025_fl207_L_20250419_005748.144117_rgb.jpg"
"image_number","268","ice_seals_2025_fl207_L_20250419_011157.046916_rgb.jpg"
"image_number","269","ice_seals_2025_fl207_L_20250419_011657.701438_rgb.jpg"
"image_number","271","ice_seals_2025_fl207_L_20250419_011924.405611_rgb.jpg"
"image_number","272","ice_seals_2025_fl207_L_20250419_012150.438363_rgb.jpg"
"image_number","274","ice_seals_2025_fl207_L_20250419_012504.618180_rgb.jpg"
"image_number","275","ice_seals_2025_fl207_L_20250419_013303.003730_rgb.jpg"
"image_number","276","ice_seals_2025_fl207_L_20250419_013557.956382_rgb.jpg"
"image_number","277","ice_seals_2025_fl207_L_20250419_013600.530735_rgb.jpg"
"image_number","283","ice_seals_2025_fl207_R_20250419_000936.144412_rgb.jpg"
"image_number","285","ice_seals_2025_fl207_R_20250419_001105.080359_rgb.jpg"
"image_number","286","ice_seals_2025_fl207_R_20250419_001736.182806_rgb.jpg"
"image_number","287","ice_seals_2025_fl207_R_20250419_003443.041191_rgb.jpg"
"image_number","289","ice_seals_2025_fl207_R_20250419_003900.560794_rgb.jpg"
"image_number","290","ice_seals_2025_fl207_R_20250419_004123.708740_rgb.jpg"
"image_number","292","ice_seals_2025_fl207_R_20250419_010441.342343_rgb.jpg"
"image_number","294","ice_seals_2025_fl207_R_20250419_012023.643280_rgb.jpg"
"image_number","296","ice_seals_2025_fl207_R_20250419_012706.619657_rgb.jpg"
"image_number","297","ice_seals_2025_fl207_R_20250419_012719.237585_rgb.jpg"
"image_number","298","ice_seals_2025_fl207_R_20250419_013124.444238_rgb.jpg"
"image_number","299","ice_seals_2025_fl207_R_20250419_013337.673223_rgb.jpg"
"image_number","300","ice_seals_2025_fl207_R_20250419_013603.108654_rgb.jpg"
"image_number","308","ice_seals_2025_fl213_R_20250423_220044.260143_rgb.jpg"
"image_number","312","ice_seals_2025_fl213_R_20250423_230715.988991_rgb.jpg"
"image_number","313","ice_seals_2025_fl213_R_20250423_231258.658646_rgb.jpg"
"image_number","314","ice_seals_2025_fl213_R_20250424_000434.291038_rgb.jpg"
"image_number","319","ice_seals_2025_fl214_C_20250425_010430.312057_rgb.jpg"
"image_number","322","ice_seals_2025_fl214_C_20250425_014300.159308_rgb.jpg"
"image_number","326","ice_seals_2025_fl214_L_20250425_021342.766942_rgb.jpg"
"image_number","327","ice_seals_2025_fl214_L_20250425_021439.620296_rgb.jpg"
"image_number","328","ice_seals_2025_fl214_L_20250425_021841.738677_rgb.jpg"
"image_number","330","ice_seals_2025_fl214_R_20250425_011959.296133_rgb.jpg"
"image_number","333","ice_seals_2025_fl214_R_20250425_020644.529298_rgb.jpg"
"image_number","334","ice_seals_2025_fl215_C_20250425_214238.404907_rgb.jpg"
"image_number","335","ice_seals_2025_fl215_C_20250425_221057.303613_rgb.jpg"
"image_number","337","ice_seals_2025_fl215_R_20250425_215736.416518_rgb.jpg"
"image_number","338","ice_seals_2025_fl215_R_20250425_223102.126076_rgb.jpg"
"image_number","339","ice_seals_2025_fl215_R_20250425_232541.112957_rgb.jpg"
"image_number","340","ice_seals_2025_fl216_C_20250501_225718.266338_rgb.jpg"
"image_number","341","ice_seals_2025_fl216_C_20250501_232444.998769_rgb.jpg"
"image_number","342","ice_seals_2025_fl216_C_20250501_234050.621742_rgb.jpg"
"image_number","345","ice_seals_2025_fl216_L_20250501_231412.453186_rgb.jpg"
"image_number","346","ice_seals_2025_fl216_L_20250501_232936.592463_rgb.jpg"
"image_number","349","ice_seals_2025_fl217_L_20250505_221346.844208_rgb.jpg"
"image_number","354","ice_seals_2025_fl217_R_20250505_223554.439584_rgb.jpg"
"image_number","355","ice_seals_2025_fl217_R_20250505_224722.460031_rgb.jpg"
"image_number","356","ice_seals_2025_fl217_R_20250505_224738.899713_rgb.jpg"
"image_number","358","ice_seals_2025_fl218_C_20250508_224626.991261_rgb.jpg"
"image_number","359","ice_seals_2025_fl218_C_20250508_230542.602945_rgb.jpg"
"image_number","362","ice_seals_2025_fl218_C_20250508_231003.126224_rgb.jpg"
"image_number","363","ice_seals_2025_fl218_C_20250508_231135.634938_rgb.jpg"
"image_number","365","ice_seals_2025_fl218_C_20250508_233047.413815_rgb.jpg"
"image_number","366","ice_seals_2025_fl218_L_20250508_214836.871896_rgb.jpg"
"image_number","367","ice_seals_2025_fl218_L_20250508_215249.879086_rgb.jpg"
"image_number","369","ice_seals_2025_fl218_L_20250508_222810.644064_rgb.jpg"
"image_number","370","ice_seals_2025_fl218_L_20250508_224230.367500_rgb.jpg"
"image_number","373","ice_seals_2025_fl218_L_20250508_224622.667632_rgb.jpg"
"image_number","379","ice_seals_2025_fl218_L_20250508_230215.672723_rgb.jpg"
"image_number","381","ice_seals_2025_fl218_L_20250508_230522.080012_rgb.jpg"
"image_number","382","ice_seals_2025_fl218_L_20250508_230632.275923_rgb.jpg"
"image_number","383","ice_seals_2025_fl218_L_20250508_230711.021650_rgb.jpg"
"image_number","384","ice_seals_2025_fl218_L_20250508_230807.915110_rgb.jpg"
"image_number","387","ice_seals_2025_fl218_L_20250508_231313.120414_rgb.jpg"
"image_number","391","ice_seals_2025_fl218_L_20250508_232007.727617_rgb.jpg"
"image_number","392","ice_seals_2025_fl218_L_20250508_232041.956357_rgb.jpg"
"image_number","396","ice_seals_2025_fl218_R_20250508_231018.254261_rgb.jpg"
"image_number","399","ice_seals_2025_fl219_L_20250509_215837.396501_rgb.jpg"
"image_number","400","ice_seals_2025_fl220_C_20250510_193814.572067_rgb.jpg"
"image_number","403","ice_seals_2025_fl221_R_20250511_003836.568754_rgb.jpg"
"image_number","404","ice_seals_2025_fl221_R_20250511_004136.040678_rgb.jpg"
"image_number","405","ice_seals_2025_fl221_R_20250511_010222.218941_rgb.jpg"
"image_number","406","ice_seals_2025_fl222_C_20250511_201023.447712_rgb.jpg"
"image_number","407","ice_seals_2025_fl222_C_20250511_210022.372292_rgb.jpg"
"image_number","409","ice_seals_2025_fl223_C_20250513_225910.829298_rgb.jpg"
"image_number","411","ice_seals_2025_fl223_C_20250514_001152.327886_rgb.jpg"
"image_number","412","ice_seals_2025_fl223_C_20250514_002001.367146_rgb.jpg"
"image_number","414","ice_seals_2025_fl223_L_20250513_225240.017529_rgb.jpg"
"image_number","416","ice_seals_2025_fl223_L_20250513_235338.995261_rgb.jpg"
"image_number","418","ice_seals_2025_fl223_R_20250513_230455.145996_rgb.jpg"
"image_number","419","ice_seals_2025_fl223_R_20250513_234657.948016_rgb.jpg"
"image_number","420","ice_seals_2025_fl223_R_20250514_000711.633584_rgb.jpg"
"image_number","421","ice_seals_2025_fl223_R_20250514_001845.078530_rgb.jpg"
"image_number","422","ice_seals_2025_fl225_C_20250515_214453.566138_rgb.jpg"
"image_number","426","ice_seals_2025_fl225_L_20250515_234634.007199_rgb.jpg"
"image_number","427","ice_seals_2025_fl225_R_20250515_220207.059163_rgb.jpg"
"image_number","430","ice_seals_2025_fl226_R_20250519_223523.622764_rgb.jpg"
"image_number","436","ice_seals_2025_fl227_R_20250520_231237.850788_rgb.jpg"
"image_number","438","ice_seals_2025_fl227_R_20250521_001716.090531_rgb.jpg"
"image_number","439","ice_seals_2025_fl228_L_20250521_205852.848696_rgb.jpg"
"image_number","440","ice_seals_2025_fl228_L_20250521_214410.923717_rgb.jpg"
"image_number","441","ice_seals_2025_fl228_L_20250521_215250.757647_rgb.jpg"
"image_number","442","ice_seals_2025_fl228_R_20250521_213410.422337_rgb.jpg"
"image_number","446","ice_seals_2025_fl234_C_20250527_224034.769010_rgb.jpg"
"image_number","447","ice_seals_2025_fl234_L_20250527_231812.770852_rgb.jpg"
"image_number","450","ice_seals_2025_fl234_L_20250528_005943.016756_rgb.jpg"
"image_number","452","ice_seals_2025_fl234_R_20250528_002238.433780_rgb.jpg"
"image_number","455","ice_seals_2025_fl234_R_20250528_005724.748171_rgb.jpg"
"image_number","456","ice_seals_2025_fl234_R_20250528_005725.878978_rgb.jpg"
"image_number","460","ice_seals_2025_fl235_C_20250528_214642.381885_rgb.jpg"
"image_number","462","ice_seals_2025_fl235_C_20250528_225329.307040_rgb.jpg"
"image_number","463","ice_seals_2025_fl235_C_20250528_225333.381006_rgb.jpg"
"image_number","464","ice_seals_2025_fl235_L_20250528_212257.942152_rgb.jpg"
"image_number","466","ice_seals_2025_fl235_L_20250528_213712.969211_rgb.jpg"
"image_number","467","ice_seals_2025_fl235_L_20250528_221244.090090_rgb.jpg"
"image_number","469","ice_seals_2025_fl235_L_20250528_225546.105492_rgb.jpg"
"image_number","470","ice_seals_2025_fl235_L_20250528_230027.774266_rgb.jpg"
"image_number","471","ice_seals_2025_fl235_L_20250528_230229.214663_rgb.jpg"
"image_number","477","ice_seals_2025_fl235_R_20250528_221736.759742_rgb.jpg"
"image_number","478","ice_seals_2025_fl235_R_20250528_225218.738764_rgb.jpg"
"image_number","482","ice_seals_2025_fl237_C_20250530_224729.634155_rgb.jpg"
"image_number","483","ice_seals_2025_fl237_C_20250530_224826.977205_rgb.jpg"
"image_number","485","ice_seals_2025_fl237_C_20250530_225528.002770_rgb.jpg"
"image_number","486","ice_seals_2025_fl237_C_20250530_231050.881635_rgb.jpg"
"image_number","488","ice_seals_2025_fl237_C_20250530_231349.846824_rgb.jpg"
"image_number","489","ice_seals_2025_fl237_C_20250530_231505.005006_rgb.jpg"
"image_number","493","ice_seals_2025_fl237_C_20250530_232320.669950_rgb.jpg"
"image_number","497","ice_seals_2025_fl237_C_20250530_234248.644377_rgb.jpg"
"image_number","498","ice_seals_2025_fl237_C_20250531_001312.070368_rgb.jpg"
"image_number","500","ice_seals_2025_fl237_C_20250531_005510.478476_rgb.jpg"
"image_number","501","ice_seals_2025_fl237_C_20250531_010209.412673_rgb.jpg"
"image_number","506","ice_seals_2025_fl237_C_20250531_014314.050060_rgb.jpg"
"image_number","508","ice_seals_2025_fl237_C_20250531_022615.804438_rgb.jpg"
"image_number","512","ice_seals_2025_fl237_C_20250531_025129.434043_rgb.jpg"
"image_number","513","ice_seals_2025_fl237_C_20250531_025130.623311_rgb.jpg"
"image_number","514","ice_seals_2025_fl237_C_20250531_030139.298922_rgb.jpg"
"image_number","518","ice_seals_2025_fl237_C_20250531_030926.419738_rgb.jpg"
"image_number","519","ice_seals_2025_fl237_C_20250531_030931.261147_rgb.jpg"
"image_number","520","ice_seals_2025_fl237_L_20250530_224303.580029_rgb.jpg"
"image_number","521","ice_seals_2025_fl237_L_20250530_224308.378371_rgb.jpg"
"image_number","522","ice_seals_2025_fl237_L_20250530_224850.366590_rgb.jpg"
"image_number","524","ice_seals_2025_fl237_L_20250530_225529.189537_rgb.jpg"
"image_number","526","ice_seals_2025_fl237_L_20250530_231533.079576_rgb.jpg"
"image_number","529","ice_seals_2025_fl237_L_20250530_232310.908497_rgb.jpg"
"image_number","530","ice_seals_2025_fl237_L_20250530_232419.346070_rgb.jpg"
"image_number","533","ice_seals_2025_fl237_L_20250530_233102.235548_rgb.jpg"
"image_number","534","ice_seals_2025_fl237_L_20250530_233653.172815_rgb.jpg"
"image_number","537","ice_seals_2025_fl237_L_20250530_234500.014115_rgb.jpg"
"image_number","542","ice_seals_2025_fl237_L_20250531_000051.790092_rgb.jpg"
"image_number","545","ice_seals_2025_fl237_L_20250531_001247.593866_rgb.jpg"
"image_number","546","ice_seals_2025_fl237_L_20250531_001744.785631_rgb.jpg"
"image_number","547","ice_seals_2025_fl237_L_20250531_001816.880394_rgb.jpg"
"image_number","551","ice_seals_2025_fl237_L_20250531_003845.199368_rgb.jpg"
"image_number","554","ice_seals_2025_fl237_L_20250531_004300.276906_rgb.jpg"
"image_number","557","ice_seals_2025_fl237_L_20250531_011421.982865_rgb.jpg"
"image_number","560","ice_seals_2025_fl237_L_20250531_012759.750128_rgb.jpg"
"image_number","561","ice_seals_2025_fl237_L_20250531_012932.432693_rgb.jpg"
"image_number","565","ice_seals_2025_fl237_L_20250531_021459.113251_rgb.jpg"
"image_number","567","ice_seals_2025_fl237_L_20250531_024414.511122_rgb.jpg"
"image_number","568","ice_seals_2025_fl237_L_20250531_025732.517822_rgb.jpg"
"image_number","569","ice_seals_2025_fl237_L_20250531_025934.401563_rgb.jpg"
"image_number","570","ice_seals_2025_fl237_L_20250531_030457.490248_rgb.jpg"
"image_number","573","ice_seals_2025_fl237_R_20250530_224216.734462_rgb.jpg"
"image_number","575","ice_seals_2025_fl237_R_20250530_224831.441099_rgb.jpg"
"image_number","577","ice_seals_2025_fl237_R_20250530_224903.682751_rgb.jpg"
"image_number","579","ice_seals_2025_fl237_R_20250530_230430.710824_rgb.jpg"
"image_number","580","ice_seals_2025_fl237_R_20250530_230446.440346_rgb.jpg"
"image_number","584","ice_seals_2025_fl237_R_20250530_232746.647770_rgb.jpg"
"image_number","586","ice_seals_2025_fl237_R_20250530_233045.324454_rgb.jpg"
"image_number","587","ice_seals_2025_fl237_R_20250530_233054.346904_rgb.jpg"
"image_number","590","ice_seals_2025_fl237_R_20250530_234809.985501_rgb.jpg"
"image_number","591","ice_seals_2025_fl237_R_20250530_235132.998620_rgb.jpg"
"image_number","592","ice_seals_2025_fl237_R_20250530_235146.623440_rgb.jpg"
"image_number","597","ice_seals_2025_fl237_R_20250531_001320.643435_rgb.jpg"
"image_number","598","ice_seals_2025_fl237_R_20250531_002854.390459_rgb.jpg"
"image_number","599","ice_seals_2025_fl237_R_20250531_002923.410403_rgb.jpg"
"image_number","600","ice_seals_2025_fl237_R_20250531_002935.529351_rgb.jpg"
"image_number","601","ice_seals_2025_fl237_R_20250531_002936.741276_rgb.jpg"
"image_number","602","ice_seals_2025_fl237_R_20250531_003031.220609_rgb.jpg"
"image_number","603","ice_seals_2025_fl237_R_20250531_003209.825129_rgb.jpg"
"image_number","604","ice_seals_2025_fl237_R_20250531_003814.744173_rgb.jpg"
"image_number","606","ice_seals_2025_fl237_R_20250531_005319.690457_rgb.jpg"
"image_number","610","ice_seals_2025_fl237_R_20250531_011224.759795_rgb.jpg"
"image_number","611","ice_seals_2025_fl237_R_20250531_012136.437882_rgb.jpg"
"image_number","614","ice_seals_2025_fl237_R_20250531_025658.274285_rgb.jpg"
"image_number","615","ice_seals_2025_fl237_R_20250531_030528.889086_rgb.jpg"
"image_number","617","ice_seals_2025_fl237_R_20250531_030825.923252_rgb.jpg"
"image_number","618","ice_seals_2025_fl237_R_20250531_030927.630686_rgb.jpg"
"image_number","619","ice_seals_2025_fl237_R_20250531_030928.841656_rgb.jpg"
"image_number","623","ice_seals_2025_fl242_C_20250607_013015.839237_rgb.jpg"
"image_number","624","ice_seals_2025_fl242_L_20250606_232618.094520_rgb.jpg"
"image_number","625","ice_seals_2025_fl242_L_20250607_003606.708781_rgb.jpg"
"image_number","633","ice_seals_2025_fl242_R_20250607_013434.607028_rgb.jpg"
"image_number","634","ice_seals_2025_fl242_R_20250607_020916.376969_rgb.jpg"
"image_number","2","ice_seals_2025_fl107_C_20250412_005005.841147_rgb.jpg"
"image_number","7","ice_seals_2025_fl108_C_20250414_231020.796113_rgb.jpg"
"image_number","12","ice_seals_2025_fl108_L_20250414_220533.046557_rgb.jpg"
"image_number","17","ice_seals_2025_fl108_L_20250414_233657.467375_rgb.jpg"
"image_number","18","ice_seals_2025_fl108_L_20250414_234203.619904_rgb.jpg"
"image_number","19","ice_seals_2025_fl108_L_20250414_235017.655416_rgb.jpg"
"image_number","23","ice_seals_2025_fl108_R_20250414_210410.943675_rgb.jpg"
"image_number","28","ice_seals_2025_fl108_R_20250414_220036.220891_rgb.jpg"
"image_number","30","ice_seals_2025_fl108_R_20250414_224044.961170_rgb.jpg"
"image_number","33","ice_seals_2025_fl108_R_20250414_233939.408690_rgb.jpg"
"image_number","36","ice_seals_2025_fl108_R_20250414_235049.645469_rgb.jpg"
"image_number","39","ice_seals_2025_fl111_C_20250419_214720.981645_rgb.jpg"
"image_number","40","ice_seals_2025_fl111_C_20250419_214730.592411_rgb.jpg"
"image_number","41","ice_seals_2025_fl111_C_20250419_220254.007033_rgb.jpg"
"image_number","46","ice_seals_2025_fl112_L_20250420_225627.975296_rgb.jpg"
"image_number","47","ice_seals_2025_fl113_C_20250421_205937.184792_rgb.jpg"
"image_number","50","ice_seals_2025_fl113_L_20250421_220140.361706_rgb.jpg"
"image_number","51","ice_seals_2025_fl113_L_20250421_223210.413536_rgb.jpg"
"image_number","52","ice_seals_2025_fl113_R_20250421_223328.076622_rgb.jpg"
"image_number","62","ice_seals_2025_fl120_C_20250506_020744.017630_rgb.jpg"
"image_number","64","ice_seals_2025_fl120_C_20250506_034111.284457_rgb.jpg"
"image_number","66","ice_seals_2025_fl120_L_20250506_014427.701630_rgb.jpg"
"image_number","68","ice_seals_2025_fl120_L_20250506_021642.266303_rgb.jpg"
"image_number","70","ice_seals_2025_fl120_L_20250506_023414.661602_rgb.jpg"
"image_number","71","ice_seals_2025_fl120_L_20250506_032349.711618_rgb.jpg"
"image_number","74","ice_seals_2025_fl120_L_20250506_034614.143903_rgb.jpg"
"image_number","75","ice_seals_2025_fl120_L_20250506_034923.609230_rgb.jpg"
"image_number","78","ice_seals_2025_fl121_C_20250507_224556.976525_rgb.jpg"
"image_number","80","ice_seals_2025_fl121_C_20250507_230100.514978_rgb.jpg"
"image_number","83","ice_seals_2025_fl121_C_20250508_002845.917866_rgb.jpg"
"image_number","86","ice_seals_2025_fl121_L_20250507_230006.429725_rgb.jpg"
"image_number","88","ice_seals_2025_fl121_L_20250507_231320.259010_rgb.jpg"
"image_number","89","ice_seals_2025_fl121_L_20250507_232934.956912_rgb.jpg"
"image_number","92","ice_seals_2025_fl121_R_20250507_225000.551167_rgb.jpg"
"image_number","93","ice_seals_2025_fl121_R_20250507_231339.530632_rgb.jpg"
"image_number","96","ice_seals_2025_fl122_C_20250508_182207.521636_rgb.jpg"
"image_number","108","ice_seals_2025_fl123_L_20250509_000031.952241_rgb.jpg"
"image_number","109","ice_seals_2025_fl123_L_20250509_000629.821584_rgb.jpg"
"image_number","118","ice_seals_2025_fl123_R_20250509_012550.317681_rgb.jpg"
"image_number","120","ice_seals_2025_fl123_R_20250509_014014.031814_rgb.jpg"
"image_number","131","ice_seals_2025_fl125_L_20250510_181314.563283_rgb.jpg"
"image_number","135","ice_seals_2025_fl125_L_20250510_203128.985415_rgb.jpg"
"image_number","136","ice_seals_2025_fl125_L_20250510_204901.388042_rgb.jpg"
"image_number","138","ice_seals_2025_fl125_R_20250510_175612.063123_rgb.jpg"
"image_number","139","ice_seals_2025_fl125_R_20250510_182341.158051_rgb.jpg"
"image_number","141","ice_seals_2025_fl125_R_20250510_183427.124500_rgb.jpg"
"image_number","147","ice_seals_2025_fl126_C_20250511_000420.599455_rgb.jpg"
"image_number","153","ice_seals_2025_fl127_C_20250511_222250.527046_rgb.jpg"
"image_number","154","ice_seals_2025_fl127_C_20250511_222251.587433_rgb.jpg"
"image_number","156","ice_seals_2025_fl127_C_20250511_223556.442495_rgb.jpg"
"image_number","157","ice_seals_2025_fl127_C_20250511_225514.241373_rgb.jpg"
"image_number","162","ice_seals_2025_fl127_L_20250511_222052.559036_rgb.jpg"
"image_number","168","ice_seals_2025_fl127_R_20250511_222416.205955_rgb.jpg"
"image_number","169","ice_seals_2025_fl127_R_20250511_223718.750471_rgb.jpg"
"image_number","171","ice_seals_2025_fl127_R_20250511_233219.389302_rgb.jpg"
"image_number","172","ice_seals_2025_fl127_R_20250511_233833.259258_rgb.jpg"
"image_number","174","ice_seals_2025_fl132_L_20250603_002650.623260_rgb.jpg"
"image_number","178","ice_seals_2025_fl134_C_20250605_230038.887682_rgb.jpg"
"image_number","180","ice_seals_2025_fl134_C_20250606_024226.262768_rgb.jpg"
"image_number","183","ice_seals_2025_fl135_L_20250607_230549.365891_rgb.jpg"
"image_number","186","ice_seals_2025_fl137_L_20250609_223221.507891_rgb.jpg"
"image_number","187","ice_seals_2025_fl137_L_20250609_225618.013012_rgb.jpg"
"image_number","193","ice_seals_2025_fl138_R_20250610_173352.057439_rgb.jpg"
"image_number","195","ice_seals_2025_fl201_R_20250404_233010.278816_rgb.jpg"
"image_number","197","ice_seals_2025_fl202_C_20250405_224814.486655_rgb.jpg"
"image_number","198","ice_seals_2025_fl202_C_20250405_224939.908001_rgb.jpg"
"image_number","203","ice_seals_2025_fl202_C_20250406_010717.131616_rgb.jpg"
"image_number","205","ice_seals_2025_fl202_R_20250405_224556.931617_rgb.jpg"
"image_number","207","ice_seals_2025_fl202_R_20250405_225758.194526_rgb.jpg"
"image_number","210","ice_seals_2025_fl202_R_20250405_230032.340179_rgb.jpg"
"image_number","212","ice_seals_2025_fl202_R_20250405_232335.579294_rgb.jpg"
"image_number","221","ice_seals_2025_fl203_L_20250409_004334.703099_rgb.jpg"
"image_number","223","ice_seals_2025_fl203_L_20250409_014224.910950_rgb.jpg"
"image_number","225","ice_seals_2025_fl203_R_20250409_004951.679522_rgb.jpg"
"image_number","226","ice_seals_2025_fl203_R_20250409_005743.057491_rgb.jpg"
"image_number","232","ice_seals_2025_fl204_L_20250410_215855.621769_rgb.jpg"
"image_number","239","ice_seals_2025_fl207_C_20250419_003004.906188_rgb.jpg"
"image_number","244","ice_seals_2025_fl207_C_20250419_003923.744796_rgb.jpg"
"image_number","246","ice_seals_2025_fl207_C_20250419_005607.293375_rgb.jpg"
"image_number","248","ice_seals_2025_fl207_C_20250419_012100.723860_rgb.jpg"
"image_number","251","ice_seals_2025_fl207_C_20250419_013157.723661_rgb.jpg"
"image_number","254","ice_seals_2025_fl207_L_20250418_233921.720597_rgb.jpg"
"image_number","256","ice_seals_2025_fl207_L_20250418_235657.295764_rgb.jpg"
"image_number","280","ice_seals_2025_fl207_L_20250419_013912.738115_rgb.jpg"
"image_number","284","ice_seals_2025_fl207_R_20250419_001103.772236_rgb.jpg"
"image_number","288","ice_seals_2025_fl207_R_20250419_003656.165703_rgb.jpg"
"image_number","304","ice_seals_2025_fl213_C_20250423_232906.316638_rgb.jpg"
"image_number","305","ice_seals_2025_fl213_C_20250423_235023.998716_rgb.jpg"
"image_number","307","ice_seals_2025_fl213_L_20250423_235351.470849_rgb.jpg"
"image_number","311","ice_seals_2025_fl213_R_20250423_225324.220252_rgb.jpg"
"image_number","320","ice_seals_2025_fl214_C_20250425_010900.580687_rgb.jpg"
"image_number","324","ice_seals_2025_fl214_L_20250425_012405.085829_rgb.jpg"
"image_number","329","ice_seals_2025_fl214_R_20250425_011531.117913_rgb.jpg"
"image_number","331","ice_seals_2025_fl214_R_20250425_015427.939188_rgb.jpg"
"image_number","336","ice_seals_2025_fl215_C_20250425_230548.944144_rgb.jpg"
"image_number","344","ice_seals_2025_fl216_L_20250501_225304.905581_rgb.jpg"
"image_number","350","ice_seals_2025_fl217_L_20250505_223706.604017_rgb.jpg"
"image_number","357","ice_seals_2025_fl218_C_20250508_224432.872390_rgb.jpg"
"image_number","364","ice_seals_2025_fl218_C_20250508_231308.824609_rgb.jpg"
"image_number","368","ice_seals_2025_fl218_L_20250508_221647.697312_rgb.jpg"
"image_number","371","ice_seals_2025_fl218_L_20250508_224406.741060_rgb.jpg"
"image_number","372","ice_seals_2025_fl218_L_20250508_224611.867306_rgb.jpg"
"image_number","374","ice_seals_2025_fl218_L_20250508_224729.666603_rgb.jpg"
"image_number","375","ice_seals_2025_fl218_L_20250508_224805.617311_rgb.jpg"
"image_number","385","ice_seals_2025_fl218_L_20250508_231055.948426_rgb.jpg"
"image_number","388","ice_seals_2025_fl218_L_20250508_231342.191464_rgb.jpg"
"image_number","389","ice_seals_2025_fl218_L_20250508_231601.883030_rgb.jpg"
"image_number","394","ice_seals_2025_fl218_R_20250508_221603.759856_rgb.jpg"
"image_number","398","ice_seals_2025_fl219_C_20250509_212012.213704_rgb.jpg"
"image_number","415","ice_seals_2025_fl223_L_20250513_234825.515156_rgb.jpg"
"image_number","417","ice_seals_2025_fl223_L_20250514_000517.685046_rgb.jpg"
"image_number","423","ice_seals_2025_fl225_C_20250515_220825.080054_rgb.jpg"
"image_number","428","ice_seals_2025_fl226_C_20250520_010111.557076_rgb.jpg"
"image_number","429","ice_seals_2025_fl226_L_20250519_214236.557133_rgb.jpg"
"image_number","434","ice_seals_2025_fl227_L_20250520_215041.174870_rgb.jpg"
"image_number","435","ice_seals_2025_fl227_R_20250520_223843.319629_rgb.jpg"
"image_number","437","ice_seals_2025_fl227_R_20250520_231801.392489_rgb.jpg"
"image_number","443","ice_seals_2025_fl229_R_20250522_034116.524967_rgb.jpg"
"image_number","444","ice_seals_2025_fl232_C_20250525_225123.364290_rgb.jpg"
"image_number","449","ice_seals_2025_fl234_L_20250528_005835.758657_rgb.jpg"
"image_number","451","ice_seals_2025_fl234_R_20250527_231830.896542_rgb.jpg"
"image_number","458","ice_seals_2025_fl235_C_20250528_210251.519290_rgb.jpg"
"image_number","459","ice_seals_2025_fl235_C_20250528_210607.713946_rgb.jpg"
"image_number","465","ice_seals_2025_fl235_L_20250528_213421.443284_rgb.jpg"
"image_number","473","ice_seals_2025_fl235_R_20250528_215504.564208_rgb.jpg"
"image_number","474","ice_seals_2025_fl235_R_20250528_221242.737782_rgb.jpg"
"image_number","476","ice_seals_2025_fl235_R_20250528_221320.577254_rgb.jpg"
"image_number","479","ice_seals_2025_fl237_C_20250530_224139.593283_rgb.jpg"
"image_number","480","ice_seals_2025_fl237_C_20250530_224240.758306_rgb.jpg"
"image_number","490","ice_seals_2025_fl237_C_20250530_231518.460962_rgb.jpg"
"image_number","492","ice_seals_2025_fl237_C_20250530_231542.039645_rgb.jpg"
"image_number","494","ice_seals_2025_fl237_C_20250530_232442.347615_rgb.jpg"
"image_number","502","ice_seals_2025_fl237_C_20250531_010715.059483_rgb.jpg"
"image_number","507","ice_seals_2025_fl237_C_20250531_022445.207565_rgb.jpg"
"image_number","509","ice_seals_2025_fl237_C_20250531_023238.297426_rgb.jpg"
"image_number","515","ice_seals_2025_fl237_C_20250531_030530.092453_rgb.jpg"
"image_number","516","ice_seals_2025_fl237_C_20250531_030848.884572_rgb.jpg"
"image_number","517","ice_seals_2025_fl237_C_20250531_030925.209070_rgb.jpg"
"image_number","525","ice_seals_2025_fl237_L_20250530_231331.787611_rgb.jpg"
"image_number","527","ice_seals_2025_fl237_L_20250530_231547.643059_rgb.jpg"
"image_number","528","ice_seals_2025_fl237_L_20250530_232211.084371_rgb.jpg"
"image_number","535","ice_seals_2025_fl237_L_20250530_233818.414309_rgb.jpg"
"image_number","548","ice_seals_2025_fl237_L_20250531_002159.343997_rgb.jpg"
"image_number","556","ice_seals_2025_fl237_L_20250531_005146.690222_rgb.jpg"
"image_number","562","ice_seals_2025_fl237_L_20250531_013052.877654_rgb.jpg"
"image_number","566","ice_seals_2025_fl237_L_20250531_021905.879321_rgb.jpg"
"image_number","574","ice_seals_2025_fl237_R_20250530_224314.375212_rgb.jpg"
"image_number","576","ice_seals_2025_fl237_R_20250530_224902.574147_rgb.jpg"
"image_number","581","ice_seals_2025_fl237_R_20250530_231348.716958_rgb.jpg"
"image_number","582","ice_seals_2025_fl237_R_20250530_231457.169267_rgb.jpg"
"image_number","585","ice_seals_2025_fl237_R_20250530_232913.982533_rgb.jpg"
"image_number","593","ice_seals_2025_fl237_R_20250530_235512.126218_rgb.jpg"
"image_number","595","ice_seals_2025_fl237_R_20250531_000759.766036_rgb.jpg"
"image_number","605","ice_seals_2025_fl237_R_20250531_004515.110215_rgb.jpg"
"image_number","607","ice_seals_2025_fl237_R_20250531_010213.803097_rgb.jpg"
"image_number","613","ice_seals_2025_fl237_R_20250531_023903.222085_rgb.jpg"
"image_number","616","ice_seals_2025_fl237_R_20250531_030653.277420_rgb.jpg"
"image_number","620","ice_seals_2025_fl239_C_20250602_011111.590981_rgb.jpg"
"image_number","626","ice_seals_2025_fl242_L_20250607_013600.224541_rgb.jpg"
"image_number","627","ice_seals_2025_fl242_L_20250607_014555.027951_rgb.jpg"
"image_number","630","ice_seals_2025_fl242_R_20250607_001154.518224_rgb.jpg"
"image_number","631","ice_seals_2025_fl242_R_20250607_002241.565881_rgb.jpg"
"image_number","6","ice_seals_2025_fl108_C_20250414_230836.911076_rgb.jpg"
"image_number","25","ice_seals_2025_fl108_R_20250414_210440.811336_rgb.jpg"
"image_number","29","ice_seals_2025_fl108_R_20250414_221550.982340_rgb.jpg"
"image_number","35","ice_seals_2025_fl108_R_20250414_234904.378537_rgb.jpg"
"image_number","38","ice_seals_2025_fl111_C_20250419_204717.306075_rgb.jpg"
"image_number","58","ice_seals_2025_fl119_L_20250505_185340.368251_rgb.jpg"
"image_number","63","ice_seals_2025_fl120_C_20250506_024342.810969_rgb.jpg"
"image_number","65","ice_seals_2025_fl120_L_20250506_014237.636060_rgb.jpg"
"image_number","82","ice_seals_2025_fl121_C_20250508_001531.448189_rgb.jpg"
"image_number","91","ice_seals_2025_fl121_L_20250508_002438.223316_rgb.jpg"
"image_number","98","ice_seals_2025_fl122_C_20250508_182734.423840_rgb.jpg"
"image_number","99","ice_seals_2025_fl122_L_20250508_200611.267153_rgb.jpg"
"image_number","101","ice_seals_2025_fl123_C_20250509_001610.072721_rgb.jpg"
"image_number","106","ice_seals_2025_fl123_C_20250509_015613.375953_rgb.jpg"
"image_number","119","ice_seals_2025_fl123_R_20250509_013407.361301_rgb.jpg"
"image_number","122","ice_seals_2025_fl125_C_20250510_180058.223371_rgb.jpg"
"image_number","125","ice_seals_2025_fl125_C_20250510_183937.444865_rgb.jpg"
"image_number","127","ice_seals_2025_fl125_C_20250510_190617.238213_rgb.jpg"
"image_number","128","ice_seals_2025_fl125_C_20250510_202134.735620_rgb.jpg"
"image_number","130","ice_seals_2025_fl125_C_20250510_204220.451078_rgb.jpg"
"image_number","144","ice_seals_2025_fl125_R_20250510_192744.537292_rgb.jpg"
"image_number","152","ice_seals_2025_fl127_C_20250511_204605.933748_rgb.jpg"
"image_number","170","ice_seals_2025_fl127_R_20250511_233213.896305_rgb.jpg"
"image_number","192","ice_seals_2025_fl138_L_20250610_193257.795559_rgb.jpg"
"image_number","200","ice_seals_2025_fl202_C_20250405_231409.212641_rgb.jpg"
"image_number","202","ice_seals_2025_fl202_C_20250405_235553.396234_rgb.jpg"
"image_number","209","ice_seals_2025_fl202_R_20250405_225827.208628_rgb.jpg"
"image_number","218","ice_seals_2025_fl203_C_20250409_002354.927124_rgb.jpg"
"image_number","237","ice_seals_2025_fl207_C_20250419_001458.993820_rgb.jpg"
"image_number","252","ice_seals_2025_fl207_C_20250419_013603.108654_rgb.jpg"
"image_number","265","ice_seals_2025_fl207_L_20250419_003956.865945_rgb.jpg"
"image_number","273","ice_seals_2025_fl207_L_20250419_012457.832935_rgb.jpg"
"image_number","278","ice_seals_2025_fl207_L_20250419_013622.453406_rgb.jpg"
"image_number","281","ice_seals_2025_fl207_R_20250418_233319.925015_rgb.jpg"
"image_number","291","ice_seals_2025_fl207_R_20250419_004125.751758_rgb.jpg"
"image_number","295","ice_seals_2025_fl207_R_20250419_012135.257076_rgb.jpg"
"image_number","302","ice_seals_2025_fl213_C_20250423_213651.748070_rgb.jpg"
"image_number","303","ice_seals_2025_fl213_C_20250423_225141.342034_rgb.jpg"
"image_number","306","ice_seals_2025_fl213_L_20250423_234156.155316_rgb.jpg"
"image_number","309","ice_seals_2025_fl213_R_20250423_220842.634996_rgb.jpg"
"image_number","310","ice_seals_2025_fl213_R_20250423_221229.794219_rgb.jpg"
"image_number","315","ice_seals_2025_fl213_R_20250424_000947.318578_rgb.jpg"
"image_number","316","ice_seals_2025_fl213_R_20250424_001209.798839_rgb.jpg"
"image_number","317","ice_seals_2025_fl214_C_20250425_001345.273797_rgb.jpg"
"image_number","318","ice_seals_2025_fl214_C_20250425_002519.604120_rgb.jpg"
"image_number","325","ice_seals_2025_fl214_L_20250425_015418.412322_rgb.jpg"
"image_number","332","ice_seals_2025_fl214_R_20250425_015811.193284_rgb.jpg"
"image_number","347","ice_seals_2025_fl216_R_20250501_232152.709712_rgb.jpg"
"image_number","351","ice_seals_2025_fl217_L_20250505_225517.572360_rgb.jpg"
"image_number","352","ice_seals_2025_fl217_L_20250505_225808.227498_rgb.jpg"
"image_number","353","ice_seals_2025_fl217_R_20250505_222732.507963_rgb.jpg"
"image_number","360","ice_seals_2025_fl218_C_20250508_230602.062426_rgb.jpg"
"image_number","361","ice_seals_2025_fl218_C_20250508_230608.538866_rgb.jpg"
"image_number","378","ice_seals_2025_fl218_L_20250508_225906.861275_rgb.jpg"
"image_number","380","ice_seals_2025_fl218_L_20250508_230509.107968_rgb.jpg"
"image_number","390","ice_seals_2025_fl218_L_20250508_231701.033526_rgb.jpg"
"image_number","401","ice_seals_2025_fl220_C_20250510_193831.317920_rgb.jpg"
"image_number","408","ice_seals_2025_fl223_C_20250513_225647.518800_rgb.jpg"
"image_number","410","ice_seals_2025_fl223_C_20250513_230738.427222_rgb.jpg"
"image_number","424","ice_seals_2025_fl225_C_20250515_231657.372423_rgb.jpg"
"image_number","425","ice_seals_2025_fl225_L_20250515_214608.371567_rgb.jpg"
"image_number","431","ice_seals_2025_fl227_C_20250520_205314.720257_rgb.jpg"
"image_number","432","ice_seals_2025_fl227_C_20250520_215833.080600_rgb.jpg"
"image_number","445","ice_seals_2025_fl232_R_20250526_013337.442115_rgb.jpg"
"image_number","453","ice_seals_2025_fl234_R_20250528_005618.154360_rgb.jpg"
"image_number","454","ice_seals_2025_fl234_R_20250528_005623.839596_rgb.jpg"
"image_number","468","ice_seals_2025_fl235_L_20250528_221724.233485_rgb.jpg"
"image_number","475","ice_seals_2025_fl235_R_20250528_221311.081094_rgb.jpg"
"image_number","481","ice_seals_2025_fl237_C_20250530_224535.427517_rgb.jpg"
"image_number","487","ice_seals_2025_fl237_C_20250530_231213.157473_rgb.jpg"
"image_number","491","ice_seals_2025_fl237_C_20250530_231536.441473_rgb.jpg"
"image_number","495","ice_seals_2025_fl237_C_20250530_233205.225496_rgb.jpg"
"image_number","496","ice_seals_2025_fl237_C_20250530_233632.312879_rgb.jpg"
"image_number","499","ice_seals_2025_fl237_C_20250531_003130.780848_rgb.jpg"
"image_number","503","ice_seals_2025_fl237_C_20250531_011646.083370_rgb.jpg"
"image_number","504","ice_seals_2025_fl237_C_20250531_012141.419572_rgb.jpg"
"image_number","510","ice_seals_2025_fl237_C_20250531_023621.272296_rgb.jpg"
"image_number","511","ice_seals_2025_fl237_C_20250531_024905.851525_rgb.jpg"
"image_number","523","ice_seals_2025_fl237_L_20250530_225428.725301_rgb.jpg"
"image_number","532","ice_seals_2025_fl237_L_20250530_232842.337276_rgb.jpg"
"image_number","536","ice_seals_2025_fl237_L_20250530_233830.387175_rgb.jpg"
"image_number","538","ice_seals_2025_fl237_L_20250530_234534.422310_rgb.jpg"
"image_number","539","ice_seals_2025_fl237_L_20250530_234843.828689_rgb.jpg"
"image_number","543","ice_seals_2025_fl237_L_20250531_000344.779155_rgb.jpg"
"image_number","549","ice_seals_2025_fl237_L_20250531_002325.130364_rgb.jpg"
"image_number","550","ice_seals_2025_fl237_L_20250531_002743.840276_rgb.jpg"
"image_number","553","ice_seals_2025_fl237_L_20250531_004152.037878_rgb.jpg"
"image_number","555","ice_seals_2025_fl237_L_20250531_004636.420842_rgb.jpg"
"image_number","559","ice_seals_2025_fl237_L_20250531_011751.161879_rgb.jpg"
"image_number","564","ice_seals_2025_fl237_L_20250531_021143.833266_rgb.jpg"
"image_number","571","ice_seals_2025_fl237_L_20250531_030658.102735_rgb.jpg"
"image_number","572","ice_seals_2025_fl237_L_20250531_030743.883233_rgb.jpg"
"image_number","578","ice_seals_2025_fl237_R_20250530_225451.251689_rgb.jpg"
"image_number","589","ice_seals_2025_fl237_R_20250530_233722.806580_rgb.jpg"
"image_number","594","ice_seals_2025_fl237_R_20250531_000758.634007_rgb.jpg"
"image_number","596","ice_seals_2025_fl237_R_20250531_001121.927864_rgb.jpg"
"image_number","608","ice_seals_2025_fl237_R_20250531_010501.365897_rgb.jpg"
"image_number","609","ice_seals_2025_fl237_R_20250531_010737.557857_rgb.jpg"
"image_number","612","ice_seals_2025_fl237_R_20250531_012320.672600_rgb.jpg"
"image_number","628","ice_seals_2025_fl242_R_20250606_231530.558604_rgb.jpg"
"image_number","632","ice_seals_2025_fl242_R_20250607_010610.081140_rgb.jpg"
"image_number","11","ice_seals_2025_fl108_L_20250414_214952.825119_rgb.jpg"
"image_number","14","ice_seals_2025_fl108_L_20250414_221235.487037_rgb.jpg"
"image_number","15","ice_seals_2025_fl108_L_20250414_223652.443893_rgb.jpg"
"image_number","24","ice_seals_2025_fl108_R_20250414_210413.658546_rgb.jpg"
"image_number","45","ice_seals_2025_fl111_R_20250419_214845.106354_rgb.jpg"
"image_number","60","ice_seals_2025_fl119_R_20250505_202205.518636_rgb.jpg"
"image_number","79","ice_seals_2025_fl121_C_20250507_225727.221502_rgb.jpg"
"image_number","116","ice_seals_2025_fl123_R_20250509_001813.940747_rgb.jpg"
"image_number","137","ice_seals_2025_fl125_L_20250510_204912.742439_rgb.jpg"
"image_number","143","ice_seals_2025_fl125_R_20250510_192312.964584_rgb.jpg"
"image_number","146","ice_seals_2025_fl125_R_20250510_203301.160551_rgb.jpg"
"image_number","148","ice_seals_2025_fl126_L_20250511_000634.539208_rgb.jpg"
"image_number","150","ice_seals_2025_fl126_L_20250511_004205.508318_rgb.jpg"
"image_number","163","ice_seals_2025_fl127_L_20250511_222053.643610_rgb.jpg"
"image_number","167","ice_seals_2025_fl127_R_20250511_222214.362972_rgb.jpg"
"image_number","175","ice_seals_2025_fl132_L_20250603_003035.860009_rgb.jpg"
"image_number","182","ice_seals_2025_fl135_L_20250607_223455.837538_rgb.jpg"
"image_number","191","ice_seals_2025_fl138_L_20250610_190807.227288_rgb.jpg"
"image_number","194","ice_seals_2025_fl138_R_20250610_182239.266488_rgb.jpg"
"image_number","219","ice_seals_2025_fl203_C_20250409_010441.728404_rgb.jpg"
"image_number","222","ice_seals_2025_fl203_L_20250409_012157.439733_rgb.jpg"
"image_number","241","ice_seals_2025_fl207_C_20250419_003822.917423_rgb.jpg"
"image_number","242","ice_seals_2025_fl207_C_20250419_003853.038727_rgb.jpg"
"image_number","250","ice_seals_2025_fl207_C_20250419_012610.991936_rgb.jpg"
"image_number","293","ice_seals_2025_fl207_R_20250419_011034.469327_rgb.jpg"
"image_number","301","ice_seals_2025_fl210_L_20250421_004548.950341_rgb.jpg"
"image_number","321","ice_seals_2025_fl214_C_20250425_014250.125020_rgb.jpg"
"image_number","323","ice_seals_2025_fl214_L_20250425_012240.803111_rgb.jpg"
"image_number","343","ice_seals_2025_fl216_L_20250501_225232.571469_rgb.jpg"
"image_number","348","ice_seals_2025_fl217_C_20250505_224315.063313_rgb.jpg"
"image_number","376","ice_seals_2025_fl218_L_20250508_224849.565798_rgb.jpg"
"image_number","386","ice_seals_2025_fl218_L_20250508_231250.562450_rgb.jpg"
"image_number","393","ice_seals_2025_fl218_R_20250508_220522.751662_rgb.jpg"
"image_number","402","ice_seals_2025_fl220_L_20250510_194418.797758_rgb.jpg"
"image_number","413","ice_seals_2025_fl223_L_20250513_225205.997903_rgb.jpg"
"image_number","433","ice_seals_2025_fl227_C_20250520_230346.582660_rgb.jpg"
"image_number","448","ice_seals_2025_fl234_L_20250528_005639.631903_rgb.jpg"
"image_number","457","ice_seals_2025_fl235_C_20250528_204210.036433_rgb.jpg"
"image_number","472","ice_seals_2025_fl235_R_20250528_214110.905443_rgb.jpg"
"image_number","505","ice_seals_2025_fl237_C_20250531_013750.090559_rgb.jpg"
"image_number","540","ice_seals_2025_fl237_L_20250530_235050.854068_rgb.jpg"
"image_number","541","ice_seals_2025_fl237_L_20250530_235945.076435_rgb.jpg"
"image_number","544","ice_seals_2025_fl237_L_20250531_000759.766036_rgb.jpg"
"image_number","552","ice_seals_2025_fl237_L_20250531_003912.417221_rgb.jpg"
"image_number","558","ice_seals_2025_fl237_L_20250531_011422.856290_rgb.jpg"
"image_number","563","ice_seals_2025_fl237_L_20250531_013613.669032_rgb.jpg"
"image_number","583","ice_seals_2025_fl237_R_20250530_232306.567095_rgb.jpg"
"image_number","588","ice_seals_2025_fl237_R_20250530_233509.199057_rgb.jpg"
"image_number","622","ice_seals_2025_fl242_C_20250607_000926.699553_rgb.jpg"
"image_number","629","ice_seals_2025_fl242_R_20250606_235552.294162_rgb.jpg"
"image_number","21","ice_seals_2025_fl108_L_20250415_000216.318497_rgb.jpg"
"image_number","115","ice_seals_2025_fl123_R_20250509_000622.845730_rgb.jpg"
"image_number","123","ice_seals_2025_fl125_C_20250510_180157.935551_rgb.jpg"
"image_number","188","ice_seals_2025_fl137_L_20250609_231946.024760_rgb.jpg"
"image_number","224","ice_seals_2025_fl203_R_20250409_003547.869280_rgb.jpg"
"image_number","229","ice_seals_2025_fl203_R_20250409_012452.619314_rgb.jpg"
"image_number","270","ice_seals_2025_fl207_L_20250419_011911.983529_rgb.jpg"
"image_number","279","ice_seals_2025_fl207_L_20250419_013751.248475_rgb.jpg"
"image_number","282","ice_seals_2025_fl207_R_20250419_000620.499612_rgb.jpg"
"image_number","377","ice_seals_2025_fl218_L_20250508_224937.651623_rgb.jpg"
"image_number","395","ice_seals_2025_fl218_R_20250508_230023.149501_rgb.jpg"
"image_number","397","ice_seals_2025_fl218_R_20250508_231136.705785_rgb.jpg"
"image_number","461","ice_seals_2025_fl235_C_20250528_220511.532023_rgb.jpg"
"image_number","484","ice_seals_2025_fl237_C_20250530_224840.356745_rgb.jpg"
"image_number","531","ice_seals_2025_fl237_L_20250530_232651.114162_rgb.jpg"
"image_number","621","ice_seals_2025_fl239_L_20250602_020100.602745_rgb.jpg"
"obs_id","1","CLC"
"obs_id","2","ELR"
"obs_id","3","HLZ"
"obs_id","4","SMW"
"obs_id","5","JLi"
"obs_id","6","SPD"
"obs_id","7","GMB"
"side","1","Center"
"side","2","Left"
"side","3","Right"
"sp_id_conf","rd1","Ringed, Positive"
"sp_id_conf","rd2","Ringed, Likely"
"sp_id_conf","rd3","Ringed, Guess"
"sp_id_conf","bd1","Bearded, Positive"
"sp_id_conf","bd2","Bearded, Likely"
"sp_id_conf","bd3","Bearded, Guess"
"sp_id_conf","unk","Unknown Seal"
"age_class_conf","a1","Non-Pup, Positive"
"age_class_conf","a2","Non-Pup, Likely"
"age_class_conf","a3","Non-Pup, Guess"
"age_class_conf","p1","Pup, Positive"
"age_class_conf","p2","Pup, Likely"
"age_class_conf","p3","Pup, Guess"
"age_class_conf","unk","Unknown Seal"
